image_uid,file_name,relative_path,cluster_id,cluster_type,similarity_score,is_representative,clustered_at
b65dd1a9a780495993f20af3880341ed,P7630273 (Large).jpg,UK Antarctic Heritage Trust Data/3rdParty_A_2020_Copyright_JNH/JNH/P7630273 (Large).jpg,1,clip_embedding,100.0,True,2026-08-20T19:43:22+00:00
0a0bf0db4f2f40958f9ce96289943fcf,a Claire IMG_6340.JPG,UK Antarctic Heritage Trust Data/Various_A/a Claire IMG_6340.JPG,1,clip_embedding,92.32,False,2026-08-20T19:43:22+00:00
449c0ed1bf33459a83321a745ab8a75d,A_1_h_16(1).jpg,UK Antarctic Heritage Trust Data/Condition_Artefacts/Artefacts_A_1_h_16_Ionospherics/A_1_h_16/A_1_h_16(1).jpg,2,clip_embedding,100.0,True,2026-08-20T19:43:22+00:00
3611223c8f9144a8b28bc45536b62744,HY9A2343.jpg,UK Antarctic Heritage Trust Data/Condition_Artefacts/Artefacts_A_1_h_16_Ionospherics/A_1_h_16/HY9A2343.jpg,2,clip_embedding,100.0,False,2026-08-20T19:43:22+00:00
f1595166f7b442a39748c269d328430f,A_1_h_16(10).JPG,UK Antarctic Heritage Trust Data/Condition_Artefacts/Artefacts_A_1_h_16_Ionospherics/A_1_h_16/A_1_h_16(10).JPG,3,clip_embedding,100.0,True,2026-08-20T19:43:22+00:00
e201a304e1e042cd8fbfbe8103b58972,PC130169.JPG,UK Antarctic Heritage Trust Data/Condition_Artefacts/Artefacts_A_1_h_16_Ionospherics/A_1_h_16/PC130169.JPG,3,clip_embedding,100.0,False,2026-08-20T19:43:22+00:00
9fe26a7dd86d400d9808d64cfada7bd4,A_1_h_16(11).JPG,UK Antarctic Heritage Trust Data/Condition_Artefacts/Artefacts_A_1_h_16_Ionospherics/A_1_h_16/A_1_h_16(11).JPG,4,clip_embedding,100.0,True,2026-08-20T19:43:22+00:00
1790cc44fc5e4970a77000c49d9ce0a1,PC130170.JPG,UK Antarctic Heritage Trust Data/Condition_Artefacts/Artefacts_A_1_h_16_Ionospherics/A_1_h_16/PC130170.JPG,4,clip_embedding,100.0,False,2026-08-20T19:43:22+00:00
0673e85e756b433499c3f89643ff1cbe,A_1_h_16(12).JPG,UK Antarctic Heritage Trust Data/Condition_Artefacts/Artefacts_A_1_h_16_Ionospherics/A_1_h_16/A_1_h_16(12).JPG,5,clip_embedding,100.0,True,2026-08-20T19:43:22+00:00
b628dae5c8da4f2399bb1d561cb0046e,PC130171.JPG,UK Antarctic Heritage Trust Data/Condition_Artefacts/Artefacts_A_1_h_16_Ionospherics/A_1_h_16/PC130171.JPG,5,clip_embedding,100.0,False,2026-08-20T19:43:22+00:00
aef04dc327634806a92dbf780de21e2b,A_1_h_16(13).JPG,UK Antarctic Heritage Trust Data/Condition_Artefacts/Artefacts_A_1_h_16_Ionospherics/A_1_h_16/A_1_h_16(13).JPG,6,clip_embedding,100.0,True,2026-08-20T19:43:22+00:00
adba8a12685e440288ffb80cf2d297e7,PC130172.JPG,UK Antarctic Heritage Trust Data/Condition_Artefacts/Artefacts_A_1_h_16_Ionospherics/A_1_h_16/PC130172.JPG,6,clip_embedding,100.0,False,2026-08-20T19:43:22+00:00
913b89dbd9a54249b224a8cc3da23948,A_1_h_16(14).JPG,UK Antarctic Heritage Trust Data/Condition_Artefacts/Artefacts_A_1_h_16_Ionospherics/A_1_h_16/A_1_h_16(14).JPG,7,clip_embedding,100.0,True,2026-08-20T19:43:22+00:00
cb807d8ecc4d40f6962f2491ad5e8246,PC130173.JPG,UK Antarctic Heritage Trust Data/Condition_Artefacts/Artefacts_A_1_h_16_Ionospherics/A_1_h_16/PC130173.JPG,7,clip_embedding,100.0,False,2026-08-20T19:43:22+00:00
c6e58099da0847fea6d5c9c8b29c85db,A_1_h_16(2).jpg,UK Antarctic Heritage Trust Data/Condition_Artefacts/Artefacts_A_1_h_16_Ionospherics/A_1_h_16/A_1_h_16(2).jpg,8,clip_embedding,100.0,True,2026-08-20T19:43:22+00:00
bd84f2eef6fb49148a6fabf118323d26,HY9A2344.jpg,UK Antarctic Heritage Trust Data/Condition_Artefacts/Artefacts_A_1_h_16_Ionospherics/A_1_h_16/HY9A2344.jpg,8,clip_embedding,100.0,False,2026-08-20T19:43:22+00:00
a57a61b9c705439fa05da29a8f31e61d,A_1_h_16(3).jpg,UK Antarctic Heritage Trust Data/Condition_Artefacts/Artefacts_A_1_h_16_Ionospherics/A_1_h_16/A_1_h_16(3).jpg,9,clip_embedding,100.0,True,2026-08-20T19:43:22+00:00
80d83b55721d418b9d1212edd0ac7b3b,HY9A2345.jpg,UK Antarctic Heritage Trust Data/Condition_Artefacts/Artefacts_A_1_h_16_Ionospherics/A_1_h_16/HY9A2345.jpg,9,clip_embedding,100.0,False,2026-08-20T19:43:22+00:00
188c76cd8f0040048bb358986c04dafe,A_1_h_16(4).jpg,UK Antarctic Heritage Trust Data/Condition_Artefacts/Artefacts_A_1_h_16_Ionospherics/A_1_h_16/A_1_h_16(4).jpg,10,clip_embedding,100.0,True,2026-08-20T19:43:22+00:00
c632f96bfad84937a8eeda6ceb085c90,HY9A2346.jpg,UK Antarctic Heritage Trust Data/Condition_Artefacts/Artefacts_A_1_h_16_Ionospherics/A_1_h_16/HY9A2346.jpg,10,clip_embedding,100.0,False,2026-08-20T19:43:22+00:00
9a6ffb2f931b4e489d4c72ee3023a7fa,A_1_h_16(5).JPG,UK Antarctic Heritage Trust Data/Condition_Artefacts/Artefacts_A_1_h_16_Ionospherics/A_1_h_16/A_1_h_16(5).JPG,11,clip_embedding,100.0,True,2026-08-20T19:43:22+00:00
b0a70942070143989b2c873f9f4d9b9f,P1010138.JPG,UK Antarctic Heritage Trust Data/Condition_Artefacts/Artefacts_A_1_h_16_Ionospherics/A_1_h_16/P1010138.JPG,11,clip_embedding,100.0,False,2026-08-20T19:43:22+00:00
62568840ce8344cd8bcf52976258fd99,A_1_h_16(6).JPG,UK Antarctic Heritage Trust Data/Condition_Artefacts/Artefacts_A_1_h_16_Ionospherics/A_1_h_16/A_1_h_16(6).JPG,12,clip_embedding,100.0,True,2026-08-20T19:43:22+00:00
b59f33f113da41c18ba4e89bd8d1d81a,P1010139.JPG,UK Antarctic Heritage Trust Data/Condition_Artefacts/Artefacts_A_1_h_16_Ionospherics/A_1_h_16/P1010139.JPG,12,clip_embedding,100.0,False,2026-08-20T19:43:22+00:00
ad2161dc4cd64c06aee5593d1cf20afe,A_1_h_16(7).JPG,UK Antarctic Heritage Trust Data/Condition_Artefacts/Artefacts_A_1_h_16_Ionospherics/A_1_h_16/A_1_h_16(7).JPG,13,clip_embedding,100.0,True,2026-08-20T19:43:22+00:00
3ab2b7357ce149bc96cf0f71c94dfdd2,A_1_h_16(8).JPG,UK Antarctic Heritage Trust Data/Condition_Artefacts/Artefacts_A_1_h_16_Ionospherics/A_1_h_16/A_1_h_16(8).JPG,13,clip_embedding,95.1,False,2026-08-20T19:43:22+00:00
d4d6b674f4d744d1b50b828fd4134ad3,P1010140.JPG,UK Antarctic Heritage Trust Data/Condition_Artefacts/Artefacts_A_1_h_16_Ionospherics/A_1_h_16/P1010140.JPG,13,clip_embedding,100.0,False,2026-08-20T19:43:22+00:00
3dd45cd3369d41b18c46da2fcaa91d89,P1010141.JPG,UK Antarctic Heritage Trust Data/Condition_Artefacts/Artefacts_A_1_h_16_Ionospherics/A_1_h_16/P1010141.JPG,13,clip_embedding,95.1,False,2026-08-20T19:43:22+00:00
c0bc6645b47d4aa2a91b44274902a600,A_1_h_16(9).JPG,UK Antarctic Heritage Trust Data/Condition_Artefacts/Artefacts_A_1_h_16_Ionospherics/A_1_h_16/A_1_h_16(9).JPG,14,clip_embedding,100.0,True,2026-08-20T19:43:22+00:00
f8abb887d3b14306a24d008001895400,P1010143.JPG,UK Antarctic Heritage Trust Data/Condition_Artefacts/Artefacts_A_1_h_16_Ionospherics/A_1_h_16/P1010143.JPG,14,clip_embedding,100.0,False,2026-08-20T19:43:22+00:00
597af92a29844e84892f50f7b4038adf,A1a60a.JPG,UK Antarctic Heritage Trust Data/Condition_Artefacts/Artefacts_A_Var_1112NewAcquisitions/1112 new acquisitions/A1a60a.JPG,15,clip_embedding,100.0,True,2026-08-20T19:43:22+00:00
abed11d50a1844f38c7397330992fad0,A1a60b.JPG,UK Antarctic Heritage Trust Data/Condition_Artefacts/Artefacts_A_Var_1112NewAcquisitions/1112 new acquisitions/A1a60b.JPG,15,clip_embedding,90.64,False,2026-08-20T19:43:22+00:00
27bf0f8e59a94ecd99545e0d456ab320,A1a60c.JPG,UK Antarctic Heritage Trust Data/Condition_Artefacts/Artefacts_A_Var_1112NewAcquisitions/1112 new acquisitions/A1a60c.JPG,15,clip_embedding,93.62,False,2026-08-20T19:43:22+00:00
3606e455a1b94400b5d60c5994ccc6f9,A1a61a.JPG,UK Antarctic Heritage Trust Data/Condition_Artefacts/Artefacts_A_Var_1112NewAcquisitions/1112 new acquisitions/A1a61a.JPG,15,clip_embedding,90.19,False,2026-08-20T19:43:22+00:00
f990c5aa2a144280934661f2f7364da3,A1a61b.JPG,UK Antarctic Heritage Trust Data/Condition_Artefacts/Artefacts_A_Var_1112NewAcquisitions/1112 new acquisitions/A1a61b.JPG,15,clip_embedding,89.64,False,2026-08-20T19:43:22+00:00
88b509a8c16247038b8da10d12df70a0,A1a61c.JPG,UK Antarctic Heritage Trust Data/Condition_Artefacts/Artefacts_A_Var_1112NewAcquisitions/1112 new acquisitions/A1a61c.JPG,16,clip_embedding,100.0,True,2026-08-20T19:43:22+00:00
f09f407483774055966441124cc2bd5f,DSC03217.JPG,UK Antarctic Heritage Trust Data/Condition_Artefacts/Artefacts_A_Var_1112NewAcquisitions/1112 new acquisitions/DSC03217.JPG,16,clip_embedding,96.61,False,2026-08-20T19:43:22+00:00
6d6a6f628752480f96b68ceb031f1410,A1h164b.JPG,UK Antarctic Heritage Trust Data/Condition_Artefacts/Artefacts_A_Var_1112NewAcquisitions/1112 new acquisitions/A1h164b.JPG,17,clip_embedding,100.0,True,2026-08-20T19:43:22+00:00
98233d7dc0284d499a637706d41a09ce,A1h164d.JPG,UK Antarctic Heritage Trust Data/Condition_Artefacts/Artefacts_A_Var_1112NewAcquisitions/1112 new acquisitions/A1h164d.JPG,17,clip_embedding,92.22,False,2026-08-20T19:43:22+00:00
eb445130959a4e3b9cd641f9ad048a87,A1h165.JPG,UK Antarctic Heritage Trust Data/Condition_Artefacts/Artefacts_A_Var_1112NewAcquisitions/1112 new acquisitions/A1h165.JPG,18,clip_embedding,100.0,True,2026-08-20T19:43:22+00:00
7529ea5197774480840b2b6ad71d63f6,DSC03193.JPG,UK Antarctic Heritage Trust Data/Condition_Artefacts/Artefacts_A_Var_1112NewAcquisitions/1112 new acquisitions/DSC03193.JPG,18,clip_embedding,94.57,False,2026-08-20T19:43:22+00:00
0c1f835ffec347e6891e95317b953a44,DSC03194.JPG,UK Antarctic Heritage Trust Data/Condition_Artefacts/Artefacts_A_Var_1112NewAcquisitions/1112 new acquisitions/DSC03194.JPG,18,clip_embedding,94.21,False,2026-08-20T19:43:22+00:00
15398aea0ddc47c5b9b47ebded32ecc9,A1h165a.JPG,UK Antarctic Heritage Trust Data/Condition_Artefacts/Artefacts_A_Var_1112NewAcquisitions/1112 new acquisitions/A1h165a.JPG,19,clip_embedding,100.0,True,2026-08-20T19:43:22+00:00
e0aaf90527a148fcaf7363501503c1e9,DSC03198.JPG,UK Antarctic Heritage Trust Data/Condition_Artefacts/Artefacts_A_Var_1112NewAcquisitions/1112 new acquisitions/DSC03198.JPG,19,clip_embedding,92.16,False,2026-08-20T19:43:22+00:00
dd3041edfcab48cba8868ff77e685582,A1h167.JPG,UK Antarctic Heritage Trust Data/Condition_Artefacts/Artefacts_A_Var_1112NewAcquisitions/1112 new acquisitions/A1h167.JPG,20,clip_embedding,100.0,True,2026-08-20T19:43:22+00:00
991988eb789f4270a61c1c2513fed281,DSC03204.JPG,UK Antarctic Heritage Trust Data/Condition_Artefacts/Artefacts_A_Var_1112NewAcquisitions/1112 new acquisitions/DSC03204.JPG,20,clip_embedding,94.63,False,2026-08-20T19:43:22+00:00
58f9f51f82a6473d932fe5afe946367b,DSC03205.JPG,UK Antarctic Heritage Trust Data/Condition_Artefacts/Artefacts_A_Var_1112NewAcquisitions/1112 new acquisitions/DSC03205.JPG,21,clip_embedding,100.0,True,2026-08-20T19:43:22+00:00
e61a2174440b41d59635e8f064b33096,DSC03206.JPG,UK Antarctic Heritage Trust Data/Condition_Artefacts/Artefacts_A_Var_1112NewAcquisitions/1112 new acquisitions/DSC03206.JPG,21,clip_embedding,96.4,False,2026-08-20T19:43:22+00:00
82ac355a682e4af281fd16c31dffae7b,DSC03221.JPG,UK Antarctic Heritage Trust Data/Condition_Artefacts/Artefacts_A_Var_1112NewAcquisitions/1112 new acquisitions/DSC03221.JPG,22,clip_embedding,100.0,True,2026-08-20T19:43:22+00:00
db65b72044d348be9804a02dae6e764e,F2011-1a.JPG,UK Antarctic Heritage Trust Data/Condition_Artefacts/Artefacts_A_Var_1112NewAcquisitions/1112 new acquisitions/F2011-1a.JPG,22,clip_embedding,98.39,False,2026-08-20T19:43:22+00:00
2e2632e91259405eb7ef6b2ac458b0d9,F2011-2a.JPG,UK Antarctic Heritage Trust Data/Condition_Artefacts/Artefacts_A_Var_1112NewAcquisitions/1112 new acquisitions/F2011-2a.JPG,23,clip_embedding,100.0,True,2026-08-20T19:43:22+00:00
6439ef2bb0f04b33ab08e21201adea1b,F2011-2c.JPG,UK Antarctic Heritage Trust Data/Condition_Artefacts/Artefacts_A_Var_1112NewAcquisitions/1112 new acquisitions/F2011-2c.JPG,23,clip_embedding,92.29,False,2026-08-20T19:43:22+00:00
7121f3d86d7a40cabf63d45f76fa5b8e,(2).jpg,UK Antarctic Heritage Trust Data/Condition_Artefacts/Artefacts_A_Var_Copyrright_L_Ling/(2).jpg,24,clip_embedding,100.0,True,2026-08-20T19:43:22+00:00
0f0688c56e2944c4a9436bcd3eeef847,A1e1a.jpg,UK Antarctic Heritage Trust Data/Condition_Artefacts/Artefacts_A_Var_Copyrright_L_Ling/A1e1a.jpg,24,clip_embedding,94.04,False,2026-08-20T19:43:22+00:00
c8761672553944e38de4a1c39936569e,A1b10a.jpg,UK Antarctic Heritage Trust Data/Condition_Artefacts/Artefacts_A_Var_Copyrright_L_Ling/A1b10a.jpg,25,clip_embedding,100.0,True,2026-08-20T19:43:22+00:00
3e47391a67064c6380eda969fe660f92,A1b14a.jpg,UK Antarctic Heritage Trust Data/Condition_Artefacts/Artefacts_A_Var_Copyrright_L_Ling/A1b14a.jpg,25,clip_embedding,92.06,False,2026-08-20T19:43:22+00:00
245d9cac93fa4f72b21322357373a681,A1b14b.jpg,UK Antarctic Heritage Trust Data/Condition_Artefacts/Artefacts_A_Var_Copyrright_L_Ling/A1b14b.jpg,25,clip_embedding,91.28,False,2026-08-20T19:43:22+00:00
9066b1aaf0a0409a91bc2f32cfa3682f,A1b28a.jpg,UK Antarctic Heritage Trust Data/Condition_Artefacts/Artefacts_A_Var_Copyrright_L_Ling/A1b28a.jpg,25,clip_embedding,92.13,False,2026-08-20T19:43:22+00:00
0b484942c29a4439a629faf9f6cd9378,A1b8_1.jpg,UK Antarctic Heritage Trust Data/Condition_Artefacts/Artefacts_A_Var_Copyrright_L_Ling/A1b8_1.jpg,25,clip_embedding,92.42,False,2026-08-20T19:43:22+00:00
5053598cf60041bfa5787885e2b51387,A1b34.jpg,UK Antarctic Heritage Trust Data/Condition_Artefacts/Artefacts_A_Var_Copyrright_L_Ling/A1b34.jpg,26,clip_embedding,100.0,True,2026-08-20T19:43:22+00:00
f46e2ff9bcd540bbafb6b952bff15c52,A1b34a.jpg,UK Antarctic Heritage Trust Data/Condition_Artefacts/Artefacts_A_Var_Copyrright_L_Ling/A1b34a.jpg,26,clip_embedding,93.79,False,2026-08-20T19:43:22+00:00
aadd104d310b4e0098d9d990eb7d9662,A1b59a.jpg,UK Antarctic Heritage Trust Data/Condition_Artefacts/Artefacts_A_Var_Copyrright_L_Ling/A1b59a.jpg,27,clip_embedding,100.0,True,2026-08-20T19:43:22+00:00
42e5dbb6f64745de910dd5a08ea2113f,A1b59b.jpg,UK Antarctic Heritage Trust Data/Condition_Artefacts/Artefacts_A_Var_Copyrright_L_Ling/A1b59b.jpg,27,clip_embedding,93.57,False,2026-08-20T19:43:22+00:00
09daf5211d414e2fa7dbe55c891d8499,A1b59c.jpg,UK Antarctic Heritage Trust Data/Condition_Artefacts/Artefacts_A_Var_Copyrright_L_Ling/A1b59c.jpg,27,clip_embedding,89.22,False,2026-08-20T19:43:22+00:00
9375e6266f5e4e4eae84574a97da993e,A1b61.jpg,UK Antarctic Heritage Trust Data/Condition_Artefacts/Artefacts_A_Var_Copyrright_L_Ling/A1b61.jpg,28,clip_embedding,100.0,True,2026-08-20T19:43:22+00:00
b3ac8f4bd8a44558af43331859218e20,A1b61a.jpg,UK Antarctic Heritage Trust Data/Condition_Artefacts/Artefacts_A_Var_Copyrright_L_Ling/A1b61a.jpg,28,clip_embedding,93.25,False,2026-08-20T19:43:22+00:00
1575b72812294464b723f8e13c18e390,A1b69.jpg,UK Antarctic Heritage Trust Data/Condition_Artefacts/Artefacts_A_Var_Copyrright_L_Ling/A1b69.jpg,29,clip_embedding,100.0,True,2026-08-20T19:43:22+00:00
48ce168b288e4db581c1429b288fa147,A1b76.jpg,UK Antarctic Heritage Trust Data/Condition_Artefacts/Artefacts_A_Var_Copyrright_L_Ling/A1b76.jpg,29,clip_embedding,94.12,False,2026-08-20T19:43:22+00:00
3e88979829104e7c97f5389c2706a382,A1b76a.jpg,UK Antarctic Heritage Trust Data/Condition_Artefacts/Artefacts_A_Var_Copyrright_L_Ling/A1b76a.jpg,29,clip_embedding,94.17,False,2026-08-20T19:43:22+00:00
99add43ac5314899acf31d7f4ebd0330,A1b71a.jpg,UK Antarctic Heritage Trust Data/Condition_Artefacts/Artefacts_A_Var_Copyrright_L_Ling/A1b71a.jpg,30,clip_embedding,100.0,True,2026-08-20T19:43:22+00:00
e63959525f0e4dc088dcdcf8c2568777,A1b71b.jpg,UK Antarctic Heritage Trust Data/Condition_Artefacts/Artefacts_A_Var_Copyrright_L_Ling/A1b71b.jpg,30,clip_embedding,95.32,False,2026-08-20T19:43:22+00:00
d480a919596f4a74a377b45591803e04,A1b71c.jpg,UK Antarctic Heritage Trust Data/Condition_Artefacts/Artefacts_A_Var_Copyrright_L_Ling/A1b71c.jpg,30,clip_embedding,97.42,False,2026-08-20T19:43:22+00:00
4a6d35441ead4276a7e43ef6411a47c4,A1b71e.jpg,UK Antarctic Heritage Trust Data/Condition_Artefacts/Artefacts_A_Var_Copyrright_L_Ling/A1b71e.jpg,30,clip_embedding,92.13,False,2026-08-20T19:43:22+00:00
204702f67d1e4d5c92f6700473cf85aa,A1b71p.jpg,UK Antarctic Heritage Trust Data/Condition_Artefacts/Artefacts_A_Var_Copyrright_L_Ling/A1b71p.jpg,30,clip_embedding,90.13,False,2026-08-20T19:43:22+00:00
0544f318ec2a474a9a6bcf01c279103b,A1b71q.jpg,UK Antarctic Heritage Trust Data/Condition_Artefacts/Artefacts_A_Var_Copyrright_L_Ling/A1b71q.jpg,30,clip_embedding,87.96,False,2026-08-20T19:43:22+00:00
dd741805f42546b2917dc23ecb6d1f82,A1b71s.jpg,UK Antarctic Heritage Trust Data/Condition_Artefacts/Artefacts_A_Var_Copyrright_L_Ling/A1b71s.jpg,30,clip_embedding,95.62,False,2026-08-20T19:43:22+00:00
d53539b9f018410e9b243d452022dce7,A1b71w.jpg,UK Antarctic Heritage Trust Data/Condition_Artefacts/Artefacts_A_Var_Copyrright_L_Ling/A1b71w.jpg,30,clip_embedding,95.95,False,2026-08-20T19:43:22+00:00
37a8f0ba398543b2bddca9545bbff7b9,A1b71x.jpg,UK Antarctic Heritage Trust Data/Condition_Artefacts/Artefacts_A_Var_Copyrright_L_Ling/A1b71x.jpg,30,clip_embedding,94.36,False,2026-08-20T19:43:22+00:00
aad1a421204943e2a482c867c3b4ac1c,A1b71y.jpg,UK Antarctic Heritage Trust Data/Condition_Artefacts/Artefacts_A_Var_Copyrright_L_Ling/A1b71y.jpg,30,clip_embedding,96.14,False,2026-08-20T19:43:22+00:00
ae80cacd8a6743c4997d4dda5e80c7c4,A1b71z.jpg,UK Antarctic Heritage Trust Data/Condition_Artefacts/Artefacts_A_Var_Copyrright_L_Ling/A1b71z.jpg,30,clip_embedding,95.09,False,2026-08-20T19:43:22+00:00
87ffe83bb0544b068d650c1bcc090881,A1b74.jpg,UK Antarctic Heritage Trust Data/Condition_Artefacts/Artefacts_A_Var_Copyrright_L_Ling/A1b74.jpg,31,clip_embedding,100.0,True,2026-08-20T19:43:22+00:00
3e025d4006cd4d859cd8a68a1c941dee,A1b74a.jpg,UK Antarctic Heritage Trust Data/Condition_Artefacts/Artefacts_A_Var_Copyrright_L_Ling/A1b74a.jpg,31,clip_embedding,94.85,False,2026-08-20T19:43:22+00:00
6d77afb95de741acae4e26ec3c0b963f,A1b74b.jpg,UK Antarctic Heritage Trust Data/Condition_Artefacts/Artefacts_A_Var_Copyrright_L_Ling/A1b74b.jpg,31,clip_embedding,93.01,False,2026-08-20T19:43:22+00:00
0da1c7e4827340e392c0c196ea8e4f22,A1c1.jpg,UK Antarctic Heritage Trust Data/Condition_Artefacts/Artefacts_A_Var_Copyrright_L_Ling/A1c1.jpg,32,clip_embedding,100.0,True,2026-08-20T19:43:22+00:00
130498f29d6741b69bfa1b47e9b36e01,A1c1y.jpg,UK Antarctic Heritage Trust Data/Condition_Artefacts/Artefacts_A_Var_Copyrright_L_Ling/A1c1y.jpg,32,clip_embedding,96.68,False,2026-08-20T19:43:22+00:00
e5f211b982b64b7291a2cc145e711ba6,A1c146.jpg,UK Antarctic Heritage Trust Data/Condition_Artefacts/Artefacts_A_Var_Copyrright_L_Ling/A1c146.jpg,33,clip_embedding,100.0,True,2026-08-20T19:43:22+00:00
e7d2042ab58748f99a4efdbe750e2e11,A1c147.jpg,UK Antarctic Heritage Trust Data/Condition_Artefacts/Artefacts_A_Var_Copyrright_L_Ling/A1c147.jpg,33,clip_embedding,88.51,False,2026-08-20T19:43:22+00:00
c35848c5dce74a94a40533821594d124,A1c148.jpg,UK Antarctic Heritage Trust Data/Condition_Artefacts/Artefacts_A_Var_Copyrright_L_Ling/A1c148.jpg,33,clip_embedding,86.65,False,2026-08-20T19:43:22+00:00
1466851d29a54fe596784d04bc3fb2e5,A1c149.jpg,UK Antarctic Heritage Trust Data/Condition_Artefacts/Artefacts_A_Var_Copyrright_L_Ling/A1c149.jpg,33,clip_embedding,90.99,False,2026-08-20T19:43:22+00:00
15c0758628cf41ac99276e6e1cea6ef9,A1c20.jpg,UK Antarctic Heritage Trust Data/Condition_Artefacts/Artefacts_A_Var_Copyrright_L_Ling/A1c20.jpg,33,clip_embedding,95.73,False,2026-08-20T19:43:22+00:00
5168d805011b432b82a744a3c36effb7,A1c150.jpg,UK Antarctic Heritage Trust Data/Condition_Artefacts/Artefacts_A_Var_Copyrright_L_Ling/A1c150.jpg,34,clip_embedding,100.0,True,2026-08-20T19:43:22+00:00
4bf6c51b31cf4cd8a119220778b82534,A1c97.jpg,UK Antarctic Heritage Trust Data/Condition_Artefacts/Artefacts_A_Var_Copyrright_L_Ling/A1c97.jpg,34,clip_embedding,93.0,False,2026-08-20T19:43:22+00:00
7fa30f5b14d544efb03b6da240acf8a9,A1c19a.jpg,UK Antarctic Heritage Trust Data/Condition_Artefacts/Artefacts_A_Var_Copyrright_L_Ling/A1c19a.jpg,35,clip_embedding,100.0,True,2026-08-20T19:43:22+00:00
e6b80ec1e697466faa5b69c538cb5a53,A1c19c.jpg,UK Antarctic Heritage Trust Data/Condition_Artefacts/Artefacts_A_Var_Copyrright_L_Ling/A1c19c.jpg,35,clip_embedding,93.15,False,2026-08-20T19:43:22+00:00
1a0b4be65f214f17844610ea93818edb,A1c1p.jpg,UK Antarctic Heritage Trust Data/Condition_Artefacts/Artefacts_A_Var_Copyrright_L_Ling/A1c1p.jpg,36,clip_embedding,100.0,True,2026-08-20T19:43:22+00:00
a56a3e3827794177865e559961d70014,A1c77.jpg,UK Antarctic Heritage Trust Data/Condition_Artefacts/Artefacts_A_Var_Copyrright_L_Ling/A1c77.jpg,36,clip_embedding,92.84,False,2026-08-20T19:43:22+00:00
ad3ee57be2cf4fb8bd1d12875cadbcd3,A1c1r.jpg,UK Antarctic Heritage Trust Data/Condition_Artefacts/Artefacts_A_Var_Copyrright_L_Ling/A1c1r.jpg,37,clip_embedding,100.0,True,2026-08-20T19:43:22+00:00
560a147d6141434c8f55540bf82622c2,A1e41s.jpg,UK Antarctic Heritage Trust Data/Condition_Artefacts/Artefacts_A_Var_Copyrright_L_Ling/A1e41s.jpg,37,clip_embedding,92.67,False,2026-08-20T19:43:22+00:00
c61bba0004324de69a75319c08c38b70,A1c220b.jpg,UK Antarctic Heritage Trust Data/Condition_Artefacts/Artefacts_A_Var_Copyrright_L_Ling/A1c220b.jpg,38,clip_embedding,100.0,True,2026-08-20T19:43:22+00:00
5ae89176abdf43599a209587fc2f3d49,A1c220e.jpg,UK Antarctic Heritage Trust Data/Condition_Artefacts/Artefacts_A_Var_Copyrright_L_Ling/A1c220e.jpg,38,clip_embedding,93.51,False,2026-08-20T19:43:22+00:00
3672f5d8a5c54b1ab0e75fe373198fb6,A1c250_1.jpg,UK Antarctic Heritage Trust Data/Condition_Artefacts/Artefacts_A_Var_Copyrright_L_Ling/A1c250_1.jpg,39,clip_embedding,100.0,True,2026-08-20T19:43:22+00:00
65ea7ede8072469abfc5fffd97417e8c,A1c250_6.jpg,UK Antarctic Heritage Trust Data/Condition_Artefacts/Artefacts_A_Var_Copyrright_L_Ling/A1c250_6.jpg,39,clip_embedding,93.65,False,2026-08-20T19:43:22+00:00
59f6d39e7a1b4ddca59ccc04c057dc3d,A1c251_10.jpg,UK Antarctic Heritage Trust Data/Condition_Artefacts/Artefacts_A_Var_Copyrright_L_Ling/A1c251_10.jpg,40,clip_embedding,100.0,True,2026-08-20T19:43:22+00:00
61b6ee94ae5a4f7e9147448a967160f8,A1c251_6a.jpg,UK Antarctic Heritage Trust Data/Condition_Artefacts/Artefacts_A_Var_Copyrright_L_Ling/A1c251_6a.jpg,40,clip_embedding,92.14,False,2026-08-20T19:43:22+00:00
18212ff4fdad4a86a0802680b24e28fe,A1c251_10a.jpg,UK Antarctic Heritage Trust Data/Condition_Artefacts/Artefacts_A_Var_Copyrright_L_Ling/A1c251_10a.jpg,41,clip_embedding,100.0,True,2026-08-20T19:43:22+00:00
e5ca79a8411644dd8201c6d9f7925b46,A1c251_11.jpg,UK Antarctic Heritage Trust Data/Condition_Artefacts/Artefacts_A_Var_Copyrright_L_Ling/A1c251_11.jpg,41,clip_embedding,93.73,False,2026-08-20T19:43:22+00:00
fa2948c0b1734fd7ae0fc0a840ea39ae,A1c251_11b.jpg,UK Antarctic Heritage Trust Data/Condition_Artefacts/Artefacts_A_Var_Copyrright_L_Ling/A1c251_11b.jpg,41,clip_embedding,93.73,False,2026-08-20T19:43:22+00:00
c99e1c05fecf46a5a790fddfe2740b9d,A1c251_12.jpg,UK Antarctic Heritage Trust Data/Condition_Artefacts/Artefacts_A_Var_Copyrright_L_Ling/A1c251_12.jpg,41,clip_embedding,93.05,False,2026-08-20T19:43:22+00:00
59f392936b5f442b98d0a4683349da7b,A1c251_13a.jpg,UK Antarctic Heritage Trust Data/Condition_Artefacts/Artefacts_A_Var_Copyrright_L_Ling/A1c251_13a.jpg,41,clip_embedding,93.05,False,2026-08-20T19:43:22+00:00
5017a3988fa54bd9be6666fb07086f5b,A1c251_6b.jpg,UK Antarctic Heritage Trust Data/Condition_Artefacts/Artefacts_A_Var_Copyrright_L_Ling/A1c251_6b.jpg,41,clip_embedding,92.61,False,2026-08-20T19:43:22+00:00
16e6b0f471944563899d284bc988ad1d,A1c251_8.jpg,UK Antarctic Heritage Trust Data/Condition_Artefacts/Artefacts_A_Var_Copyrright_L_Ling/A1c251_8.jpg,41,clip_embedding,90.38,False,2026-08-20T19:43:22+00:00
c9cbaf070e654dcfab4eeff2cb328b6b,A1c252_1.jpg,UK Antarctic Heritage Trust Data/Condition_Artefacts/Artefacts_A_Var_Copyrright_L_Ling/A1c252_1.jpg,41,clip_embedding,86.74,False,2026-08-20T19:43:22+00:00
da6d502712644598a7ce1020a2247906,A1c252_11.jpg,UK Antarctic Heritage Trust Data/Condition_Artefacts/Artefacts_A_Var_Copyrright_L_Ling/A1c252_11.jpg,41,clip_embedding,90.51,False,2026-08-20T19:43:22+00:00
a8a0b2b51fac47ff9814448c5614e840,A1c252_13.jpg,UK Antarctic Heritage Trust Data/Condition_Artefacts/Artefacts_A_Var_Copyrright_L_Ling/A1c252_13.jpg,41,clip_embedding,90.71,False,2026-08-20T19:43:22+00:00
ba15fa5f928149ca96d2e8121efd95b2,A1c252_7.jpg,UK Antarctic Heritage Trust Data/Condition_Artefacts/Artefacts_A_Var_Copyrright_L_Ling/A1c252_7.jpg,41,clip_embedding,90.97,False,2026-08-20T19:43:22+00:00
bb11d82271a24b028c55d9e8e604925b,A1c251_12&13.jpg,UK Antarctic Heritage Trust Data/Condition_Artefacts/Artefacts_A_Var_Copyrright_L_Ling/A1c251_12&13.jpg,42,clip_embedding,100.0,True,2026-08-20T19:43:22+00:00
72b830d2cfe54757a242f6274cacfbf1,A1c251_3.jpg,UK Antarctic Heritage Trust Data/Condition_Artefacts/Artefacts_A_Var_Copyrright_L_Ling/A1c251_3.jpg,42,clip_embedding,94.05,False,2026-08-20T19:43:22+00:00
b7777bfa315f4b818fc3dfbb3e3920b3,A1c251_6c.jpg,UK Antarctic Heritage Trust Data/Condition_Artefacts/Artefacts_A_Var_Copyrright_L_Ling/A1c251_6c.jpg,42,clip_embedding,96.83,False,2026-08-20T19:43:22+00:00
9b7dec60840d4e0499077e50e571d6b1,A1c251_7.jpg,UK Antarctic Heritage Trust Data/Condition_Artefacts/Artefacts_A_Var_Copyrright_L_Ling/A1c251_7.jpg,42,clip_embedding,93.53,False,2026-08-20T19:43:22+00:00
65443e960c56416a99558308aa2a0972,A1c252_10.jpg,UK Antarctic Heritage Trust Data/Condition_Artefacts/Artefacts_A_Var_Copyrright_L_Ling/A1c252_10.jpg,42,clip_embedding,88.99,False,2026-08-20T19:43:22+00:00
6d29d914ae3448d2a3a1c3691d300684,A1c252_11a.jpg,UK Antarctic Heritage Trust Data/Condition_Artefacts/Artefacts_A_Var_Copyrright_L_Ling/A1c252_11a.jpg,42,clip_embedding,91.31,False,2026-08-20T19:43:22+00:00
d1e8c275a0d947a38135b21c25579da5,A1c252_123456.jpg,UK Antarctic Heritage Trust Data/Condition_Artefacts/Artefacts_A_Var_Copyrright_L_Ling/A1c252_123456.jpg,42,clip_embedding,82.84,False,2026-08-20T19:43:22+00:00
52bc0fbeecb2405484557b65b3d2cd47,A1c252_789.jpg,UK Antarctic Heritage Trust Data/Condition_Artefacts/Artefacts_A_Var_Copyrright_L_Ling/A1c252_789.jpg,42,clip_embedding,88.53,False,2026-08-20T19:43:22+00:00
1e454d27d4ab48b88ee3f7285ae3c8cd,A1d21.jpg,UK Antarctic Heritage Trust Data/Condition_Artefacts/Artefacts_A_Var_Copyrright_L_Ling/A1d21.jpg,43,clip_embedding,100.0,True,2026-08-20T19:43:22+00:00
252fb37e915c4f2cbdae8f014da0719b,A1e50&d21.jpg,UK Antarctic Heritage Trust Data/Condition_Artefacts/Artefacts_A_Var_Copyrright_L_Ling/A1e50&d21.jpg,43,clip_embedding,92.43,False,2026-08-20T19:43:22+00:00
9a7d17a5ae8f4a5ab2a9040475756e4b,A1d22d.jpg,UK Antarctic Heritage Trust Data/Condition_Artefacts/Artefacts_A_Var_Copyrright_L_Ling/A1d22d.jpg,44,clip_embedding,100.0,True,2026-08-20T19:43:22+00:00
c83ec3b2196f46d296e23fe956fe8cab,A1d22e.jpg,UK Antarctic Heritage Trust Data/Condition_Artefacts/Artefacts_A_Var_Copyrright_L_Ling/A1d22e.jpg,44,clip_embedding,92.12,False,2026-08-20T19:43:22+00:00
64200855cc074812b49703d1f6a1388e,A1e25a.jpg,UK Antarctic Heritage Trust Data/Condition_Artefacts/Artefacts_A_Var_Copyrright_L_Ling/A1e25a.jpg,45,clip_embedding,100.0,True,2026-08-20T19:43:22+00:00
dc966426457241ecb3645dec50687423,A1e41y.jpg,UK Antarctic Heritage Trust Data/Condition_Artefacts/Artefacts_A_Var_Copyrright_L_Ling/A1e41y.jpg,45,clip_embedding,92.09,False,2026-08-20T19:43:22+00:00
a215a0624b7042cdb18149d2f3e4f7f3,A1e41z.jpg,UK Antarctic Heritage Trust Data/Condition_Artefacts/Artefacts_A_Var_Copyrright_L_Ling/A1e41z.jpg,45,clip_embedding,89.21,False,2026-08-20T19:43:22+00:00
0d79f985007b464a88e69eff6687167a,A1e34.jpg,UK Antarctic Heritage Trust Data/Condition_Artefacts/Artefacts_A_Var_Copyrright_L_Ling/A1e34.jpg,46,clip_embedding,100.0,True,2026-08-20T19:43:22+00:00
f1265c5705a74a5e8832d5d7ebc6652b,A1e34a.jpg,UK Antarctic Heritage Trust Data/Condition_Artefacts/Artefacts_A_Var_Copyrright_L_Ling/A1e34a.jpg,46,clip_embedding,93.23,False,2026-08-20T19:43:22+00:00
d8696cab90384f5ebee40d37dcf7b14d,A1e41t.jpg,UK Antarctic Heritage Trust Data/Condition_Artefacts/Artefacts_A_Var_Copyrright_L_Ling/A1e41t.jpg,47,clip_embedding,100.0,True,2026-08-20T19:43:22+00:00
bbb190db0de34036af935e168ffe2e72,A1e41u.jpg,UK Antarctic Heritage Trust Data/Condition_Artefacts/Artefacts_A_Var_Copyrright_L_Ling/A1e41u.jpg,47,clip_embedding,93.34,False,2026-08-20T19:43:22+00:00
cd6c94c541f14f49bc30557ee699a804,A1f17.jpg,UK Antarctic Heritage Trust Data/Condition_Artefacts/Artefacts_A_Var_Copyrright_L_Ling/A1f17.jpg,48,clip_embedding,100.0,True,2026-08-20T19:43:22+00:00
c554f2007fba4c92a582a5a3dc590301,A1f17_2a.jpg,UK Antarctic Heritage Trust Data/Condition_Artefacts/Artefacts_A_Var_Copyrright_L_Ling/A1f17_2a.jpg,48,clip_embedding,92.68,False,2026-08-20T19:43:22+00:00
85119119c7614c029f5763e44799b425,A1f17_2b.jpg,UK Antarctic Heritage Trust Data/Condition_Artefacts/Artefacts_A_Var_Copyrright_L_Ling/A1f17_2b.jpg,48,clip_embedding,90.99,False,2026-08-20T19:43:22+00:00
b88fb6ffaa5d4e7d9d5b4c05e25a6f78,A1f17a.jpg,UK Antarctic Heritage Trust Data/Condition_Artefacts/Artefacts_A_Var_Copyrright_L_Ling/A1f17a.jpg,48,clip_embedding,93.51,False,2026-08-20T19:43:22+00:00
eb6997de9cfb469bb3bffc0a87904400,A1f22a.jpg,UK Antarctic Heritage Trust Data/Condition_Artefacts/Artefacts_A_Var_Copyrright_L_Ling/A1f22a.jpg,49,clip_embedding,100.0,True,2026-08-20T19:43:22+00:00
fe4f1ea49526454abf75e857222b9a3b,A1f22b.jpg,UK Antarctic Heritage Trust Data/Condition_Artefacts/Artefacts_A_Var_Copyrright_L_Ling/A1f22b.jpg,49,clip_embedding,93.08,False,2026-08-20T19:43:22+00:00
8c4d6cd5a04b45f5a0e1385298b0a505,RRS JB unloading at Stonington.jpg,"UK Antarctic Heritage Trust Data/Hist_E_Var_Copyright_NeilMarsden/Marsden, Neil/Marsden, Neil/RRS JB unloading at Stonington.jpg",50,clip_embedding,100.0,True,2026-08-20T19:43:22+00:00
219cac185ed64ac4a002288fd5464c36,RRS JB wedged into Back Bay ice.jpg,"UK Antarctic Heritage Trust Data/Hist_E_Var_Copyright_NeilMarsden/Marsden, Neil/Marsden, Neil/RRS JB wedged into Back Bay ice.jpg",50,clip_embedding,95.2,False,2026-08-20T19:43:22+00:00
44f0825c27aa45f0a71f6d8b6e07a615,DSC_7114.JPG,UK Antarctic Heritage Trust Data/SfM/SfM_A_external/DSC_7114.JPG,51,clip_embedding,100.0,True,2026-08-20T19:43:22+00:00
663c4858f134424bba829a772437d0a0,DSC_7115.JPG,UK Antarctic Heritage Trust Data/SfM/SfM_A_external/DSC_7115.JPG,51,clip_embedding,95.89,False,2026-08-20T19:43:22+00:00
8440208b018440c0a5d6948c1fd008f1,DSC_7118.JPG,UK Antarctic Heritage Trust Data/SfM/SfM_A_external/DSC_7118.JPG,51,clip_embedding,96.19,False,2026-08-20T19:43:22+00:00
e33309c60b514bb592a08c9119208eb7,DSC_7119.JPG,UK Antarctic Heritage Trust Data/SfM/SfM_A_external/DSC_7119.JPG,51,clip_embedding,94.18,False,2026-08-20T19:43:22+00:00
1e1f71e4743a458ebc30561bce4be61d,DSC_7120.JPG,UK Antarctic Heritage Trust Data/SfM/SfM_A_external/DSC_7120.JPG,51,clip_embedding,93.85,False,2026-08-20T19:43:22+00:00
51860805a78142fab0a6ac13b1aba4b1,DSC_7121.JPG,UK Antarctic Heritage Trust Data/SfM/SfM_A_external/DSC_7121.JPG,51,clip_embedding,91.9,False,2026-08-20T19:43:22+00:00
cbf0b30272c443cd8b2899ad31932db1,DSC_7122.JPG,UK Antarctic Heritage Trust Data/SfM/SfM_A_external/DSC_7122.JPG,51,clip_embedding,90.18,False,2026-08-20T19:43:22+00:00
4863e3d3d4e14d2ca41cf21afcaf78a0,DSC_7123.JPG,UK Antarctic Heritage Trust Data/SfM/SfM_A_external/DSC_7123.JPG,51,clip_embedding,90.09,False,2026-08-20T19:43:22+00:00
937a504f1c0040218b4b5eb14b875b99,DSC_7124.JPG,UK Antarctic Heritage Trust Data/SfM/SfM_A_external/DSC_7124.JPG,51,clip_embedding,86.94,False,2026-08-20T19:43:22+00:00
dd3c767493ce4f07a3718e56c74b4b27,DSC_7125.JPG,UK Antarctic Heritage Trust Data/SfM/SfM_A_external/DSC_7125.JPG,51,clip_embedding,88.93,False,2026-08-20T19:43:22+00:00
b9fb761d11564929bfd4cee649c4247a,DSC_7126.JPG,UK Antarctic Heritage Trust Data/SfM/SfM_A_external/DSC_7126.JPG,51,clip_embedding,87.87,False,2026-08-20T19:43:22+00:00
f169ec322e04484ea4e6a76bb8169963,DSC_7127.JPG,UK Antarctic Heritage Trust Data/SfM/SfM_A_external/DSC_7127.JPG,51,clip_embedding,89.61,False,2026-08-20T19:43:22+00:00
d218b29f11b044abba9c2f72160e5bdb,DSC_7128.JPG,UK Antarctic Heritage Trust Data/SfM/SfM_A_external/DSC_7128.JPG,51,clip_embedding,89.4,False,2026-08-20T19:43:22+00:00
aea0687b3b6b4f168c9dcd8b0e42e8a1,DSC_7129.JPG,UK Antarctic Heritage Trust Data/SfM/SfM_A_external/DSC_7129.JPG,51,clip_embedding,91.01,False,2026-08-20T19:43:22+00:00
8a6619b423f44a44a278232508dbb5a8,DSC_7130.JPG,UK Antarctic Heritage Trust Data/SfM/SfM_A_external/DSC_7130.JPG,51,clip_embedding,90.77,False,2026-08-20T19:43:22+00:00
8903e1711aba4483b5b736cce0490830,DSC_7131.JPG,UK Antarctic Heritage Trust Data/SfM/SfM_A_external/DSC_7131.JPG,51,clip_embedding,91.41,False,2026-08-20T19:43:22+00:00
8fd57a99314648a59563aeef0cbe986a,DSC_7132.JPG,UK Antarctic Heritage Trust Data/SfM/SfM_A_external/DSC_7132.JPG,51,clip_embedding,90.05,False,2026-08-20T19:43:22+00:00
62b2596684724d36952d1d3ca99af90e,DSC_7133.JPG,UK Antarctic Heritage Trust Data/SfM/SfM_A_external/DSC_7133.JPG,51,clip_embedding,90.27,False,2026-08-20T19:43:22+00:00
a0cbcf7083b84a518eff9c89bb49488b,DSC_7134.JPG,UK Antarctic Heritage Trust Data/SfM/SfM_A_external/DSC_7134.JPG,51,clip_embedding,88.73,False,2026-08-20T19:43:22+00:00
a03337e4ad7649be917fb04a7520b629,DSC_7142.JPG,UK Antarctic Heritage Trust Data/SfM/SfM_A_external/DSC_7142.JPG,51,clip_embedding,86.11,False,2026-08-20T19:43:22+00:00
76344d673b2642dc8464310ec66cb841,DSC_7143.JPG,UK Antarctic Heritage Trust Data/SfM/SfM_A_external/DSC_7143.JPG,51,clip_embedding,86.09,False,2026-08-20T19:43:22+00:00
d92a92aa456043119e5c58aa54f516c1,DSC_7144.JPG,UK Antarctic Heritage Trust Data/SfM/SfM_A_external/DSC_7144.JPG,51,clip_embedding,82.0,False,2026-08-20T19:43:22+00:00
e1e944f299f842eb9c00bafbe930be71,DSC_7145.JPG,UK Antarctic Heritage Trust Data/SfM/SfM_A_external/DSC_7145.JPG,51,clip_embedding,84.37,False,2026-08-20T19:43:22+00:00
f0c7328d27b44f87b13269618c319935,DSC_7146.JPG,UK Antarctic Heritage Trust Data/SfM/SfM_A_external/DSC_7146.JPG,51,clip_embedding,82.61,False,2026-08-20T19:43:22+00:00
9c99e94b15ec4c20b671b43a14a3da64,DSC_7147.JPG,UK Antarctic Heritage Trust Data/SfM/SfM_A_external/DSC_7147.JPG,51,clip_embedding,83.55,False,2026-08-20T19:43:22+00:00
74bf86142aa8489f8d388934bbeaf97c,DSC_7148.JPG,UK Antarctic Heritage Trust Data/SfM/SfM_A_external/DSC_7148.JPG,51,clip_embedding,83.11,False,2026-08-20T19:43:22+00:00
4dae63ea477048ef8512df5ecfdf1c96,DSC_7149.JPG,UK Antarctic Heritage Trust Data/SfM/SfM_A_external/DSC_7149.JPG,51,clip_embedding,80.8,False,2026-08-20T19:43:22+00:00
486444d454864a36896fb02b61b35ef3,DSC_7150.JPG,UK Antarctic Heritage Trust Data/SfM/SfM_A_external/DSC_7150.JPG,51,clip_embedding,81.11,False,2026-08-20T19:43:22+00:00
ae14e3671b4049969682381070638438,DSC_7151.JPG,UK Antarctic Heritage Trust Data/SfM/SfM_A_external/DSC_7151.JPG,51,clip_embedding,77.96,False,2026-08-20T19:43:22+00:00
5cd948f15571466d8f7366f23bc6ee75,DSC_7155.JPG,UK Antarctic Heritage Trust Data/SfM/SfM_A_external/DSC_7155.JPG,51,clip_embedding,82.64,False,2026-08-20T19:43:22+00:00
92fc19f46d094278acaa3abc4f2f3380,DSC_7156.JPG,UK Antarctic Heritage Trust Data/SfM/SfM_A_external/DSC_7156.JPG,51,clip_embedding,84.1,False,2026-08-20T19:43:22+00:00
3fe2671204d54803a49b14ff84129fae,DSC_7162.JPG,UK Antarctic Heritage Trust Data/SfM/SfM_A_external/DSC_7162.JPG,51,clip_embedding,87.21,False,2026-08-20T19:43:22+00:00
715c75a2349148019be76bdb61002efa,DSC_7163.JPG,UK Antarctic Heritage Trust Data/SfM/SfM_A_external/DSC_7163.JPG,51,clip_embedding,86.24,False,2026-08-20T19:43:22+00:00
7f70c45dff384df8a583b56f3eaf4bc6,DSC_7164.JPG,UK Antarctic Heritage Trust Data/SfM/SfM_A_external/DSC_7164.JPG,51,clip_embedding,83.85,False,2026-08-20T19:43:22+00:00
212f9b0d3f2d4c09b1550e582d1b2eb6,DSC_7165.JPG,UK Antarctic Heritage Trust Data/SfM/SfM_A_external/DSC_7165.JPG,51,clip_embedding,86.6,False,2026-08-20T19:43:22+00:00
0bde7ca1c28646879ceb1585d25fa778,DSC_7166.JPG,UK Antarctic Heritage Trust Data/SfM/SfM_A_external/DSC_7166.JPG,51,clip_embedding,85.06,False,2026-08-20T19:43:22+00:00
a26277d163104bfc8dafe6bc36e26c25,DSC_7167.JPG,UK Antarctic Heritage Trust Data/SfM/SfM_A_external/DSC_7167.JPG,51,clip_embedding,88.62,False,2026-08-20T19:43:22+00:00
4e8a73e25d0e43989b1f6b8a588baaf0,DSC_7168.JPG,UK Antarctic Heritage Trust Data/SfM/SfM_A_external/DSC_7168.JPG,51,clip_embedding,86.7,False,2026-08-20T19:43:22+00:00
25cf7a2a974b42d3beaf10fe023a775c,DSC_7169.JPG,UK Antarctic Heritage Trust Data/SfM/SfM_A_external/DSC_7169.JPG,51,clip_embedding,83.62,False,2026-08-20T19:43:22+00:00
956181e7fe414ce38349d09110c22142,DSC_7170.JPG,UK Antarctic Heritage Trust Data/SfM/SfM_A_external/DSC_7170.JPG,51,clip_embedding,84.56,False,2026-08-20T19:43:22+00:00
5b658c17332f41f190cc7086f4765513,DSC_7171.JPG,UK Antarctic Heritage Trust Data/SfM/SfM_A_external/DSC_7171.JPG,51,clip_embedding,87.79,False,2026-08-20T19:43:22+00:00
bec44cf19b6a43309b6bbd4423ab720e,DSC_7172.JPG,UK Antarctic Heritage Trust Data/SfM/SfM_A_external/DSC_7172.JPG,51,clip_embedding,88.75,False,2026-08-20T19:43:22+00:00
37111a0c6be94ef4ad2296127896e8fa,DSC_7173.JPG,UK Antarctic Heritage Trust Data/SfM/SfM_A_external/DSC_7173.JPG,51,clip_embedding,88.81,False,2026-08-20T19:43:22+00:00
5d86d8482cd94be88b2dbc79bfc0434c,DSC_7174.JPG,UK Antarctic Heritage Trust Data/SfM/SfM_A_external/DSC_7174.JPG,51,clip_embedding,90.57,False,2026-08-20T19:43:22+00:00
b8d77e2077b44af39d9d4802fc5f26a1,DSC_7175.JPG,UK Antarctic Heritage Trust Data/SfM/SfM_A_external/DSC_7175.JPG,51,clip_embedding,91.77,False,2026-08-20T19:43:22+00:00
fad01d30d4414ad59049b8654c7a4622,DSC_7176.JPG,UK Antarctic Heritage Trust Data/SfM/SfM_A_external/DSC_7176.JPG,51,clip_embedding,89.23,False,2026-08-20T19:43:22+00:00
809968f964384278b99ce0408e35b077,DSC_7177.JPG,UK Antarctic Heritage Trust Data/SfM/SfM_A_external/DSC_7177.JPG,51,clip_embedding,89.52,False,2026-08-20T19:43:22+00:00
88efd0a6072a43c08971ffb7a1720928,DSC_7178.JPG,UK Antarctic Heritage Trust Data/SfM/SfM_A_external/DSC_7178.JPG,51,clip_embedding,90.27,False,2026-08-20T19:43:22+00:00
c3a8a26a36854559802236719963c30d,DSC_7179.JPG,UK Antarctic Heritage Trust Data/SfM/SfM_A_external/DSC_7179.JPG,51,clip_embedding,89.72,False,2026-08-20T19:43:22+00:00
f23e79f467dd42d3a376f787b510d7c0,DSC_7180.JPG,UK Antarctic Heritage Trust Data/SfM/SfM_A_external/DSC_7180.JPG,51,clip_embedding,90.39,False,2026-08-20T19:43:22+00:00
8bfac7a5c8684e5ab34636c1ccfb3a72,DSC_7181.JPG,UK Antarctic Heritage Trust Data/SfM/SfM_A_external/DSC_7181.JPG,51,clip_embedding,89.33,False,2026-08-20T19:43:22+00:00
c6fdb83fc9fc4edfbcb2be92c9c96164,DSC_7182.JPG,UK Antarctic Heritage Trust Data/SfM/SfM_A_external/DSC_7182.JPG,51,clip_embedding,86.37,False,2026-08-20T19:43:22+00:00
cf82d2ecd7c9430c855fe2103501995f,DSC_7183.JPG,UK Antarctic Heritage Trust Data/SfM/SfM_A_external/DSC_7183.JPG,51,clip_embedding,87.26,False,2026-08-20T19:43:22+00:00
526f404846974f128a01ce338b4e3636,DSC_7184.JPG,UK Antarctic Heritage Trust Data/SfM/SfM_A_external/DSC_7184.JPG,51,clip_embedding,86.42,False,2026-08-20T19:43:22+00:00
e0f43629bf104dd9bcb6ea0b29f0a252,DSC_7185.JPG,UK Antarctic Heritage Trust Data/SfM/SfM_A_external/DSC_7185.JPG,51,clip_embedding,87.11,False,2026-08-20T19:43:22+00:00
720217e064ef4248882b9c5ef0ea9157,DSC_7186.JPG,UK Antarctic Heritage Trust Data/SfM/SfM_A_external/DSC_7186.JPG,51,clip_embedding,85.04,False,2026-08-20T19:43:22+00:00
e6c86b7a137346a4b197fabef5fc49fe,DSC_7187.JPG,UK Antarctic Heritage Trust Data/SfM/SfM_A_external/DSC_7187.JPG,51,clip_embedding,88.62,False,2026-08-20T19:43:22+00:00
1ccb8fc536894934a6a14e7dec19f01f,DSC_7188.JPG,UK Antarctic Heritage Trust Data/SfM/SfM_A_external/DSC_7188.JPG,51,clip_embedding,90.5,False,2026-08-20T19:43:22+00:00
fb99f51249ed4c2a91fc934bf9c31e3d,DSC_7189.JPG,UK Antarctic Heritage Trust Data/SfM/SfM_A_external/DSC_7189.JPG,51,clip_embedding,87.85,False,2026-08-20T19:43:22+00:00
49cfa1328b5f437da3c67b6a768f1841,DSC_7190.JPG,UK Antarctic Heritage Trust Data/SfM/SfM_A_external/DSC_7190.JPG,51,clip_embedding,87.68,False,2026-08-20T19:43:22+00:00
18b9665165624925a3974c3d94601e50,DSC_7191.JPG,UK Antarctic Heritage Trust Data/SfM/SfM_A_external/DSC_7191.JPG,51,clip_embedding,89.66,False,2026-08-20T19:43:22+00:00
9c7c1c35c8ab45938bc32b57f092481b,DSC_7192.JPG,UK Antarctic Heritage Trust Data/SfM/SfM_A_external/DSC_7192.JPG,51,clip_embedding,85.36,False,2026-08-20T19:43:22+00:00
e01d451d2c564f39a096e3a958b9d394,DSC_7193.JPG,UK Antarctic Heritage Trust Data/SfM/SfM_A_external/DSC_7193.JPG,51,clip_embedding,84.79,False,2026-08-20T19:43:22+00:00
e30a44b9339d49a0bfa6dadb52769a6c,DSC_7194.JPG,UK Antarctic Heritage Trust Data/SfM/SfM_A_external/DSC_7194.JPG,51,clip_embedding,90.84,False,2026-08-20T19:43:22+00:00
eac9038a114c49a385cdded8eeb90150,DSC_7195.JPG,UK Antarctic Heritage Trust Data/SfM/SfM_A_external/DSC_7195.JPG,51,clip_embedding,89.25,False,2026-08-20T19:43:22+00:00
85287288a0ae47318413f16e8acf9360,DSC_7197.JPG,UK Antarctic Heritage Trust Data/SfM/SfM_A_external/DSC_7197.JPG,51,clip_embedding,89.76,False,2026-08-20T19:43:22+00:00
462d4edc548042c58713eb20dc05120d,DSC_7198.JPG,UK Antarctic Heritage Trust Data/SfM/SfM_A_external/DSC_7198.JPG,51,clip_embedding,88.28,False,2026-08-20T19:43:22+00:00
7290dfcdb4514dfbb0f34d91a53ed3cb,DSC_7199.JPG,UK Antarctic Heritage Trust Data/SfM/SfM_A_external/DSC_7199.JPG,51,clip_embedding,88.31,False,2026-08-20T19:43:22+00:00
efe42679a3934b0db2560abb79136d48,DSC_7201.JPG,UK Antarctic Heritage Trust Data/SfM/SfM_A_external/DSC_7201.JPG,51,clip_embedding,86.85,False,2026-08-20T19:43:22+00:00
d593d309fa6a432897936f302ffc5b0e,DSC_7202.JPG,UK Antarctic Heritage Trust Data/SfM/SfM_A_external/DSC_7202.JPG,51,clip_embedding,85.94,False,2026-08-20T19:43:22+00:00
a852b8f36590449d8fe724a01af3b5fd,DSC_7203.JPG,UK Antarctic Heritage Trust Data/SfM/SfM_A_external/DSC_7203.JPG,51,clip_embedding,87.59,False,2026-08-20T19:43:22+00:00
66e047845e9a46e4aebaf16be122db64,DSC_7204.JPG,UK Antarctic Heritage Trust Data/SfM/SfM_A_external/DSC_7204.JPG,51,clip_embedding,85.65,False,2026-08-20T19:43:22+00:00
98e9d0fd832c4ed8a82855461c6253e9,DSC_7205.JPG,UK Antarctic Heritage Trust Data/SfM/SfM_A_external/DSC_7205.JPG,51,clip_embedding,87.38,False,2026-08-20T19:43:22+00:00
f6bec05822b3469995a4561f50bd1e04,DSC_7206.JPG,UK Antarctic Heritage Trust Data/SfM/SfM_A_external/DSC_7206.JPG,51,clip_embedding,87.64,False,2026-08-20T19:43:22+00:00
23c91211be064459bd63153af31f8e9a,DSC_7207.JPG,UK Antarctic Heritage Trust Data/SfM/SfM_A_external/DSC_7207.JPG,51,clip_embedding,88.29,False,2026-08-20T19:43:22+00:00
17fc90513efa4fefb27c2d213d623629,DSC_7208.JPG,UK Antarctic Heritage Trust Data/SfM/SfM_A_external/DSC_7208.JPG,51,clip_embedding,87.28,False,2026-08-20T19:43:22+00:00
c1058ad76a024439bf9c661bdb695448,DSC_7135.JPG,UK Antarctic Heritage Trust Data/SfM/SfM_A_external/DSC_7135.JPG,52,clip_embedding,100.0,True,2026-08-20T19:43:22+00:00
7e7684d535a1499abde7f4bd5de7e588,DSC_7136.JPG,UK Antarctic Heritage Trust Data/SfM/SfM_A_external/DSC_7136.JPG,52,clip_embedding,83.7,False,2026-08-20T19:43:22+00:00
6ea36d7ca11746cbaacabf5bc55530e1,DSC_7140.JPG,UK Antarctic Heritage Trust Data/SfM/SfM_A_external/DSC_7140.JPG,52,clip_embedding,93.23,False,2026-08-20T19:43:22+00:00
825929e06bda437c9178cd90aae2a1f8,DSC_7141.JPG,UK Antarctic Heritage Trust Data/SfM/SfM_A_external/DSC_7141.JPG,52,clip_embedding,89.74,False,2026-08-20T19:43:22+00:00
d4e833547bb94100850eac2cb0192acf,DSC_7159.JPG,UK Antarctic Heritage Trust Data/SfM/SfM_A_external/DSC_7159.JPG,53,clip_embedding,100.0,True,2026-08-20T19:43:22+00:00
97613f78efb946af9da80165b41ba2e3,DSC_7160.JPG,UK Antarctic Heritage Trust Data/SfM/SfM_A_external/DSC_7160.JPG,53,clip_embedding,94.73,False,2026-08-20T19:43:22+00:00
1d683621130641c4a6b42a694d0797e5,DSC_0056.JPG,UK Antarctic Heritage Trust Data/SfM/SfM_E_external/Main Hut/DSC_0056.JPG,54,clip_embedding,100.0,True,2026-08-20T19:43:22+00:00
7a0dacb65d6045179f83daa58e0c2074,DSC_0058.JPG,UK Antarctic Heritage Trust Data/SfM/SfM_E_external/Main Hut/DSC_0058.JPG,54,clip_embedding,92.06,False,2026-08-20T19:43:22+00:00
1752353d4a584e1095b04f83c7d20e70,DSC_0061.JPG,UK Antarctic Heritage Trust Data/SfM/SfM_E_external/Main Hut/DSC_0061.JPG,54,clip_embedding,92.43,False,2026-08-20T19:43:22+00:00
a00182cdd14c4b099853b72a677f1cc1,DSC_0063.JPG,UK Antarctic Heritage Trust Data/SfM/SfM_E_external/Main Hut/DSC_0063.JPG,54,clip_embedding,90.03,False,2026-08-20T19:43:22+00:00
b5508c5d997c4cc19c0a343ddaa29300,DSC_0065.JPG,UK Antarctic Heritage Trust Data/SfM/SfM_E_external/Main Hut/DSC_0065.JPG,54,clip_embedding,88.01,False,2026-08-20T19:43:22+00:00
a33d4f4af2de4019b5d2d052b63d5b5d,DSC_0067.JPG,UK Antarctic Heritage Trust Data/SfM/SfM_E_external/Main Hut/DSC_0067.JPG,54,clip_embedding,90.7,False,2026-08-20T19:43:22+00:00
89d5797e822448639395fa0b111f2c62,DSC_0069.JPG,UK Antarctic Heritage Trust Data/SfM/SfM_E_external/Main Hut/DSC_0069.JPG,54,clip_embedding,90.37,False,2026-08-20T19:43:22+00:00
1c9acd379dee464cb832fa5588f6bd66,DSC_0071.JPG,UK Antarctic Heritage Trust Data/SfM/SfM_E_external/Main Hut/DSC_0071.JPG,54,clip_embedding,91.97,False,2026-08-20T19:43:22+00:00
ea9bf1ddf4fc4596ae450573f6a86768,DSC_0073.JPG,UK Antarctic Heritage Trust Data/SfM/SfM_E_external/Main Hut/DSC_0073.JPG,54,clip_embedding,88.32,False,2026-08-20T19:43:22+00:00
d2e4b075e5b34151ab5e61a7e9a1aa1e,DSC_0075.JPG,UK Antarctic Heritage Trust Data/SfM/SfM_E_external/Main Hut/Other/DSC_0075.JPG,54,clip_embedding,89.63,False,2026-08-20T19:43:22+00:00
fdadf77dd1a34413b99c7ce245b0e35e,DSC_0076.JPG,UK Antarctic Heritage Trust Data/SfM/SfM_E_external/Main Hut/Other/DSC_0076.JPG,54,clip_embedding,90.34,False,2026-08-20T19:43:22+00:00
698ebd364fbd483ab6b320a803855f5e,DSC_0078.JPG,UK Antarctic Heritage Trust Data/SfM/SfM_E_external/Main Hut/DSC_0078.JPG,54,clip_embedding,87.1,False,2026-08-20T19:43:22+00:00
40005f1d67084402becb2bfdb3f2c1c2,DSC_0083.JPG,UK Antarctic Heritage Trust Data/SfM/SfM_E_external/Main Hut/DSC_0083.JPG,54,clip_embedding,87.23,False,2026-08-20T19:43:22+00:00
bfefa9c8f0db44aa8b1b31dba675e8ea,DSC_0085.JPG,UK Antarctic Heritage Trust Data/SfM/SfM_E_external/Main Hut/DSC_0085.JPG,54,clip_embedding,81.56,False,2026-08-20T19:43:22+00:00
53530c2288e0479e9415aafc921be555,DSC_0087.JPG,UK Antarctic Heritage Trust Data/SfM/SfM_E_external/Main Hut/DSC_0087.JPG,54,clip_embedding,78.59,False,2026-08-20T19:43:22+00:00
dda126bc699b41ad9204f2e362c35de3,DSC_0089.JPG,UK Antarctic Heritage Trust Data/SfM/SfM_E_external/Main Hut/DSC_0089.JPG,54,clip_embedding,81.58,False,2026-08-20T19:43:22+00:00
33f0c7a71d48444ab21e5c0977c21dd8,DSC_0091.JPG,UK Antarctic Heritage Trust Data/SfM/SfM_E_external/Main Hut/DSC_0091.JPG,54,clip_embedding,86.18,False,2026-08-20T19:43:22+00:00
5ddec895fc6142548a2101c0ffd7557f,DSC_0093.JPG,UK Antarctic Heritage Trust Data/SfM/SfM_E_external/Main Hut/DSC_0093.JPG,54,clip_embedding,84.92,False,2026-08-20T19:43:22+00:00
7888f863406043b2b8e36bf9535b645c,DSC_0105.JPG,UK Antarctic Heritage Trust Data/SfM/SfM_E_external/Main Hut/DSC_0105.JPG,54,clip_embedding,90.99,False,2026-08-20T19:43:22+00:00
352e7348267947958b8dd991839815a4,DSC_0109.JPG,UK Antarctic Heritage Trust Data/SfM/SfM_E_external/Main Hut/Other/DSC_0109.JPG,54,clip_embedding,88.34,False,2026-08-20T19:43:22+00:00
14eea32355d24242b2c74bb0d49485a5,DSC_0110.JPG,UK Antarctic Heritage Trust Data/SfM/SfM_E_external/Main Hut/DSC_0110.JPG,54,clip_embedding,91.23,False,2026-08-20T19:43:22+00:00
ed529724dc654bdb89d9033bc1fd2c43,DSC_0114.JPG,UK Antarctic Heritage Trust Data/SfM/SfM_E_external/Main Hut/DSC_0114.JPG,54,clip_embedding,97.87,False,2026-08-20T19:43:22+00:00
aa7a8461710c49b49cf4ec940ecbee96,DSC_0057.JPG,UK Antarctic Heritage Trust Data/SfM/SfM_E_external/Main Hut/DSC_0057.JPG,55,clip_embedding,100.0,True,2026-08-20T19:43:22+00:00
1811ae63870c4a06bdd14faaf89c6fd8,DSC_0059.JPG,UK Antarctic Heritage Trust Data/SfM/SfM_E_external/Main Hut/DSC_0059.JPG,55,clip_embedding,92.56,False,2026-08-20T19:43:22+00:00
b02aa63c951c4f5babdaec67253630be,DSC_0062.JPG,UK Antarctic Heritage Trust Data/SfM/SfM_E_external/Main Hut/DSC_0062.JPG,55,clip_embedding,86.91,False,2026-08-20T19:43:22+00:00
edfedd4e2af840099627f1847fe510e1,DSC_0064.JPG,UK Antarctic Heritage Trust Data/SfM/SfM_E_external/Main Hut/DSC_0064.JPG,55,clip_embedding,89.01,False,2026-08-20T19:43:22+00:00
87b6f73396084db8a56f87d650623e69,DSC_0066.JPG,UK Antarctic Heritage Trust Data/SfM/SfM_E_external/Main Hut/DSC_0066.JPG,55,clip_embedding,89.62,False,2026-08-20T19:43:22+00:00
f3d0bef625424287b1186eb34d609015,DSC_0068.JPG,UK Antarctic Heritage Trust Data/SfM/SfM_E_external/Main Hut/DSC_0068.JPG,55,clip_embedding,88.14,False,2026-08-20T19:43:22+00:00
0d8149faaa9c43b6afc49e005b3be48d,DSC_0070.JPG,UK Antarctic Heritage Trust Data/SfM/SfM_E_external/Main Hut/DSC_0070.JPG,55,clip_embedding,89.24,False,2026-08-20T19:43:22+00:00
6cb4dd613d164d5cb8d4b393cb9df26b,DSC_0086.JPG,UK Antarctic Heritage Trust Data/SfM/SfM_E_external/Main Hut/DSC_0086.JPG,55,clip_embedding,90.21,False,2026-08-20T19:43:22+00:00
4f81ffa39373410981640cd02b8ff5cd,DSC_0088.JPG,UK Antarctic Heritage Trust Data/SfM/SfM_E_external/Main Hut/DSC_0088.JPG,55,clip_embedding,88.76,False,2026-08-20T19:43:22+00:00
ea739d219cee4f39adeb2c05835dcc28,DSC_0090.JPG,UK Antarctic Heritage Trust Data/SfM/SfM_E_external/Main Hut/DSC_0090.JPG,55,clip_embedding,90.17,False,2026-08-20T19:43:22+00:00
7c6d0484ab0a462282da9ed37907be8b,DSC_0092.JPG,UK Antarctic Heritage Trust Data/SfM/SfM_E_external/Main Hut/DSC_0092.JPG,55,clip_embedding,90.58,False,2026-08-20T19:43:22+00:00
97ef199829b04695b474e938cc01e99f,DSC_0094.JPG,UK Antarctic Heritage Trust Data/SfM/SfM_E_external/Main Hut/DSC_0094.JPG,55,clip_embedding,92.0,False,2026-08-20T19:43:22+00:00
b47c4d2b2c934242b4c71f1fc9f71ab9,DSC_0096.JPG,UK Antarctic Heritage Trust Data/SfM/SfM_E_external/Main Hut/DSC_0096.JPG,55,clip_embedding,92.53,False,2026-08-20T19:43:22+00:00
8bcfefba55494c6f8f7ad4856999d0ee,DSC_0098.JPG,UK Antarctic Heritage Trust Data/SfM/SfM_E_external/Main Hut/DSC_0098.JPG,55,clip_embedding,93.3,False,2026-08-20T19:43:22+00:00
f26032b6b20b472fbfed1941ca6e337d,DSC_0100.JPG,UK Antarctic Heritage Trust Data/SfM/SfM_E_external/Main Hut/DSC_0100.JPG,55,clip_embedding,93.97,False,2026-08-20T19:43:22+00:00
ae757aff72c04a02bb76a4b18cab0878,DSC_0103.JPG,UK Antarctic Heritage Trust Data/SfM/SfM_E_external/Main Hut/DSC_0103.JPG,55,clip_embedding,94.39,False,2026-08-20T19:43:22+00:00
3a17faea6e11427aac8581154b928d05,DSC_0106.JPG,UK Antarctic Heritage Trust Data/SfM/SfM_E_external/Main Hut/DSC_0106.JPG,55,clip_embedding,94.49,False,2026-08-20T19:43:22+00:00
00c1488a728c48c0b3036e7a5dbcce63,DSC_0111.JPG,UK Antarctic Heritage Trust Data/SfM/SfM_E_external/Main Hut/DSC_0111.JPG,55,clip_embedding,94.6,False,2026-08-20T19:43:22+00:00
e4de9b7e7d2945be82ac93a14738e33e,DSC_0113.JPG,UK Antarctic Heritage Trust Data/SfM/SfM_E_external/Main Hut/DSC_0113.JPG,55,clip_embedding,93.27,False,2026-08-20T19:43:22+00:00
371df8d62f7c4e47aede0e43e8cfac62,DSC_0115.JPG,UK Antarctic Heritage Trust Data/SfM/SfM_E_external/Main Hut/DSC_0115.JPG,55,clip_embedding,96.92,False,2026-08-20T19:43:22+00:00
91f5eba364bd4e56a6198be0149e02b7,S7R08440.JPG,UK Antarctic Heritage Trust Data/SfM/SfM_W_external/S7R08440.JPG,55,clip_embedding,76.01,False,2026-08-20T19:43:22+00:00
d47790edb06a4b6f826c837db59f3bcc,S7R08443.JPG,UK Antarctic Heritage Trust Data/SfM/SfM_W_external/S7R08443.JPG,55,clip_embedding,77.89,False,2026-08-20T19:43:22+00:00
3dc49d908e1c4a658f230f29eb175c12,S7R08444.JPG,UK Antarctic Heritage Trust Data/SfM/SfM_W_external/S7R08444.JPG,55,clip_embedding,85.06,False,2026-08-20T19:43:22+00:00
79d29de16d42482d898170160158977f,S7R08445.JPG,UK Antarctic Heritage Trust Data/SfM/SfM_W_external/S7R08445.JPG,55,clip_embedding,80.66,False,2026-08-20T19:43:22+00:00
43173590691d40fca79baaaf53fececa,S7R08446.JPG,UK Antarctic Heritage Trust Data/SfM/SfM_W_external/S7R08446.JPG,55,clip_embedding,80.92,False,2026-08-20T19:43:22+00:00
8c1fee29eeea4806ab054e200192f195,S7R08447.JPG,UK Antarctic Heritage Trust Data/SfM/SfM_W_external/S7R08447.JPG,55,clip_embedding,78.42,False,2026-08-20T19:43:22+00:00
67a57e16ed504614980493768fe8269b,S7R08448.JPG,UK Antarctic Heritage Trust Data/SfM/SfM_W_external/S7R08448.JPG,55,clip_embedding,80.77,False,2026-08-20T19:43:22+00:00
6a63126a67aa499c9d81cdacdc3c366d,S7R08449.JPG,UK Antarctic Heritage Trust Data/SfM/SfM_W_external/S7R08449.JPG,55,clip_embedding,75.57,False,2026-08-20T19:43:22+00:00
aadd265cf24043b9bddeb81865baa932,S7R08450.JPG,UK Antarctic Heritage Trust Data/SfM/SfM_W_external/S7R08450.JPG,55,clip_embedding,79.82,False,2026-08-20T19:43:22+00:00
a50739d35c464454a5cb0385d1ee95fa,S7R08451.JPG,UK Antarctic Heritage Trust Data/SfM/SfM_W_external/S7R08451.JPG,55,clip_embedding,82.76,False,2026-08-20T19:43:22+00:00
21881321fce54c87adfe5cb593818cbc,S7R08452.JPG,UK Antarctic Heritage Trust Data/SfM/SfM_W_external/S7R08452.JPG,55,clip_embedding,76.32,False,2026-08-20T19:43:22+00:00
cf6a889650784f319bf51a9976324d08,S7R08453.JPG,UK Antarctic Heritage Trust Data/SfM/SfM_W_external/S7R08453.JPG,55,clip_embedding,80.37,False,2026-08-20T19:43:22+00:00
83ac0dacaabf49ddb0430afdbeae99e8,S7R08454.JPG,UK Antarctic Heritage Trust Data/SfM/SfM_W_external/S7R08454.JPG,55,clip_embedding,81.23,False,2026-08-20T19:43:22+00:00
0dd19dd5baa24f4fb7645c0afc5f3468,S7R08455.JPG,UK Antarctic Heritage Trust Data/SfM/SfM_W_external/S7R08455.JPG,55,clip_embedding,81.25,False,2026-08-20T19:43:22+00:00
bb257edf6c444253a05c7bf994183d1c,S7R08456.JPG,UK Antarctic Heritage Trust Data/SfM/SfM_W_external/S7R08456.JPG,55,clip_embedding,80.23,False,2026-08-20T19:43:22+00:00
b1716f7bdca743db94128d90d1fdf8d7,S7R08457.JPG,UK Antarctic Heritage Trust Data/SfM/SfM_W_external/S7R08457.JPG,55,clip_embedding,79.15,False,2026-08-20T19:43:22+00:00
1a1e36cb53604dd492dd0d0945f2b562,S7R08458.JPG,UK Antarctic Heritage Trust Data/SfM/SfM_W_external/S7R08458.JPG,55,clip_embedding,78.18,False,2026-08-20T19:43:22+00:00
2fbff6323e6e4ec3b343a62821a0e53b,S7R08459.JPG,UK Antarctic Heritage Trust Data/SfM/SfM_W_external/S7R08459.JPG,55,clip_embedding,77.67,False,2026-08-20T19:43:22+00:00
d6f428b74ba84f5b85c0930e0b76cf99,S7R08460.JPG,UK Antarctic Heritage Trust Data/SfM/SfM_W_external/S7R08460.JPG,55,clip_embedding,80.5,False,2026-08-20T19:43:22+00:00
dd030488c58b424ab629f60ec9709681,S7R08461.JPG,UK Antarctic Heritage Trust Data/SfM/SfM_W_external/S7R08461.JPG,55,clip_embedding,78.35,False,2026-08-20T19:43:22+00:00
6290f6535de04b44a39d4a2dd30e94fc,S7R08462.JPG,UK Antarctic Heritage Trust Data/SfM/SfM_W_external/S7R08462.JPG,55,clip_embedding,76.73,False,2026-08-20T19:43:22+00:00
8a197a12047945c1bea92125863d9a4c,S7R08463.JPG,UK Antarctic Heritage Trust Data/SfM/SfM_W_external/S7R08463.JPG,55,clip_embedding,76.36,False,2026-08-20T19:43:22+00:00
3430b08933ce451ebf5a4401696b0c81,S7R08464.JPG,UK Antarctic Heritage Trust Data/SfM/SfM_W_external/S7R08464.JPG,55,clip_embedding,77.59,False,2026-08-20T19:43:22+00:00
7da40e8c7ce94c9bb3b45833a7e2ca77,S7R08465.JPG,UK Antarctic Heritage Trust Data/SfM/SfM_W_external/S7R08465.JPG,55,clip_embedding,79.89,False,2026-08-20T19:43:22+00:00
a12abc0f3c2c454c961c69f56dd8bfd4,S7R08466.JPG,UK Antarctic Heritage Trust Data/SfM/SfM_W_external/S7R08466.JPG,55,clip_embedding,77.75,False,2026-08-20T19:43:22+00:00
8bf1451491c64f4cb4e1b16056fb8fea,S7R08467.JPG,UK Antarctic Heritage Trust Data/SfM/SfM_W_external/S7R08467.JPG,55,clip_embedding,79.88,False,2026-08-20T19:43:22+00:00
48fdefda087e4c95a0858fbc424a5516,S7R08468.JPG,UK Antarctic Heritage Trust Data/SfM/SfM_W_external/S7R08468.JPG,55,clip_embedding,78.81,False,2026-08-20T19:43:22+00:00
7038980fa3b34a1a8304e85ef6b93b25,S7R08469.JPG,UK Antarctic Heritage Trust Data/SfM/SfM_W_external/S7R08469.JPG,55,clip_embedding,78.9,False,2026-08-20T19:43:22+00:00
fb4014bb56814eaeaf7f6a1afc1a692f,S7R08470.JPG,UK Antarctic Heritage Trust Data/SfM/SfM_W_external/S7R08470.JPG,55,clip_embedding,77.57,False,2026-08-20T19:43:22+00:00
15580799bf774add9bc12b4d0f8051e4,S7R08471.JPG,UK Antarctic Heritage Trust Data/SfM/SfM_W_external/S7R08471.JPG,55,clip_embedding,77.41,False,2026-08-20T19:43:22+00:00
4e17d03c08c146598ca7216ea33c1e27,S7R08472.JPG,UK Antarctic Heritage Trust Data/SfM/SfM_W_external/S7R08472.JPG,55,clip_embedding,77.36,False,2026-08-20T19:43:22+00:00
fc5256ce1de24d29be404b5de587cbd9,S7R08473.JPG,UK Antarctic Heritage Trust Data/SfM/SfM_W_external/S7R08473.JPG,55,clip_embedding,74.44,False,2026-08-20T19:43:22+00:00
ac016d8b78d348ce8381af61d9ce0099,S7R08474.JPG,UK Antarctic Heritage Trust Data/SfM/SfM_W_external/S7R08474.JPG,55,clip_embedding,80.85,False,2026-08-20T19:43:22+00:00
c5162e417f2c45aa926023f9784c6661,S7R08475.JPG,UK Antarctic Heritage Trust Data/SfM/SfM_W_external/S7R08475.JPG,55,clip_embedding,77.62,False,2026-08-20T19:43:22+00:00
e897dbbadef7485aa85b1c0d793782c8,S7R08476.JPG,UK Antarctic Heritage Trust Data/SfM/SfM_W_external/S7R08476.JPG,55,clip_embedding,80.76,False,2026-08-20T19:43:22+00:00
79f317f4a22a436dbb957b36f703462b,S7R08477.JPG,UK Antarctic Heritage Trust Data/SfM/SfM_W_external/S7R08477.JPG,55,clip_embedding,81.86,False,2026-08-20T19:43:22+00:00
523bd98e3aa94fbbaf61ece190c74837,S7R08478.JPG,UK Antarctic Heritage Trust Data/SfM/SfM_W_external/S7R08478.JPG,55,clip_embedding,78.64,False,2026-08-20T19:43:22+00:00
cfa830613a7d41aeb062cf458c0e20b2,S7R08479.JPG,UK Antarctic Heritage Trust Data/SfM/SfM_W_external/S7R08479.JPG,55,clip_embedding,75.66,False,2026-08-20T19:43:22+00:00
7b3a25eff5114b10b6e0ade4fa3616e6,S7R08480.JPG,UK Antarctic Heritage Trust Data/SfM/SfM_W_external/S7R08480.JPG,55,clip_embedding,79.34,False,2026-08-20T19:43:22+00:00
b86a7b09d67d4f5fabc85191d46564bc,S7R08481.JPG,UK Antarctic Heritage Trust Data/SfM/SfM_W_external/S7R08481.JPG,55,clip_embedding,79.07,False,2026-08-20T19:43:22+00:00
09cfcdb8a37b42259d759d5c933440e5,S7R08482.JPG,UK Antarctic Heritage Trust Data/SfM/SfM_W_external/S7R08482.JPG,55,clip_embedding,83.34,False,2026-08-20T19:43:22+00:00
63b7ff1d54ec4c72a02d6575f9c26b04,S7R08483.JPG,UK Antarctic Heritage Trust Data/SfM/SfM_W_external/S7R08483.JPG,55,clip_embedding,75.81,False,2026-08-20T19:43:22+00:00
ce0a226b00134edfadee22dc299daa1c,S7R08484.JPG,UK Antarctic Heritage Trust Data/SfM/SfM_W_external/S7R08484.JPG,55,clip_embedding,86.38,False,2026-08-20T19:43:22+00:00
14e7858064174470a6639796a4da3d0d,S7R08485.JPG,UK Antarctic Heritage Trust Data/SfM/SfM_W_external/S7R08485.JPG,55,clip_embedding,88.16,False,2026-08-20T19:43:22+00:00
d8316777170d4f2e9bbceb789c9a82c4,S7R08486.JPG,UK Antarctic Heritage Trust Data/SfM/SfM_W_external/S7R08486.JPG,55,clip_embedding,89.99,False,2026-08-20T19:43:22+00:00
c72ba21298fe49a2a21a65e57f9e498a,S7R08487.JPG,UK Antarctic Heritage Trust Data/SfM/SfM_W_external/S7R08487.JPG,55,clip_embedding,86.24,False,2026-08-20T19:43:22+00:00
a574862eabf548469f15d4d0572a8693,S7R08488.JPG,UK Antarctic Heritage Trust Data/SfM/SfM_W_external/S7R08488.JPG,55,clip_embedding,87.19,False,2026-08-20T19:43:22+00:00
67ea84e1fb9d4c4eb7b40e1d315db754,S7R08489.JPG,UK Antarctic Heritage Trust Data/SfM/SfM_W_external/S7R08489.JPG,55,clip_embedding,84.37,False,2026-08-20T19:43:22+00:00
e644e8112d274331ac3a383c008da832,S7R08490.JPG,UK Antarctic Heritage Trust Data/SfM/SfM_W_external/S7R08490.JPG,55,clip_embedding,84.65,False,2026-08-20T19:43:22+00:00
163ff364b310420b862ade0b69ac1d12,S7R08491.JPG,UK Antarctic Heritage Trust Data/SfM/SfM_W_external/S7R08491.JPG,55,clip_embedding,87.31,False,2026-08-20T19:43:22+00:00
7c70b2f9f07243e9a3ae566d6acf01cb,S7R08492.JPG,UK Antarctic Heritage Trust Data/SfM/SfM_W_external/S7R08492.JPG,55,clip_embedding,86.62,False,2026-08-20T19:43:22+00:00
17ed47f267dd427098f9ea85e7bc07c9,S7R08493.JPG,UK Antarctic Heritage Trust Data/SfM/SfM_W_external/S7R08493.JPG,55,clip_embedding,79.23,False,2026-08-20T19:43:22+00:00
a4614e7e3adb4ff49c399190e57d3753,S7R08494.JPG,UK Antarctic Heritage Trust Data/SfM/SfM_W_external/S7R08494.JPG,55,clip_embedding,81.17,False,2026-08-20T19:43:22+00:00
c999cc7dd421415180df2ec40d007656,S7R08495.JPG,UK Antarctic Heritage Trust Data/SfM/SfM_W_external/S7R08495.JPG,55,clip_embedding,83.08,False,2026-08-20T19:43:22+00:00
dd26744baae14cd899be7f1fd2385bbb,S7R08496.JPG,UK Antarctic Heritage Trust Data/SfM/SfM_W_external/S7R08496.JPG,55,clip_embedding,78.36,False,2026-08-20T19:43:22+00:00
9b50c224f76b481abf212539abec7f7c,S7R08497.JPG,UK Antarctic Heritage Trust Data/SfM/SfM_W_external/S7R08497.JPG,55,clip_embedding,77.73,False,2026-08-20T19:43:22+00:00
1af8891df7b947349bb1d9130caa5783,S7R08498.JPG,UK Antarctic Heritage Trust Data/SfM/SfM_W_external/S7R08498.JPG,55,clip_embedding,82.96,False,2026-08-20T19:43:22+00:00
8b5072b379da4066971b67f60b490de1,S7R08500.JPG,UK Antarctic Heritage Trust Data/SfM/SfM_W_external/S7R08500.JPG,55,clip_embedding,81.57,False,2026-08-20T19:43:22+00:00
38a510dd50f64f7b8f9067d755a6f2df,S7R08501.JPG,UK Antarctic Heritage Trust Data/SfM/SfM_W_external/S7R08501.JPG,55,clip_embedding,82.51,False,2026-08-20T19:43:22+00:00
410fead1a95b42d0aa6729e062b89609,S7R08502.JPG,UK Antarctic Heritage Trust Data/SfM/SfM_W_external/S7R08502.JPG,55,clip_embedding,84.47,False,2026-08-20T19:43:22+00:00
48e95fb0d20340f9a4267d7e08b9f805,S7R08503.JPG,UK Antarctic Heritage Trust Data/SfM/SfM_W_external/S7R08503.JPG,55,clip_embedding,88.26,False,2026-08-20T19:43:22+00:00
8caae8ad9cb6468ab8e3b4af424f7419,S7R08504.JPG,UK Antarctic Heritage Trust Data/SfM/SfM_W_external/S7R08504.JPG,55,clip_embedding,85.9,False,2026-08-20T19:43:22+00:00
f5c3558d055546bba1b92ee4c87f5a3b,S7R08505.JPG,UK Antarctic Heritage Trust Data/SfM/SfM_W_external/S7R08505.JPG,55,clip_embedding,84.52,False,2026-08-20T19:43:22+00:00
2bb283db276d4620b648f4c7397d564c,S7R08506.JPG,UK Antarctic Heritage Trust Data/SfM/SfM_W_external/S7R08506.JPG,55,clip_embedding,84.07,False,2026-08-20T19:43:22+00:00
a3e842a061df4e1cad523f076552c3f6,S7R08507.JPG,UK Antarctic Heritage Trust Data/SfM/SfM_W_external/S7R08507.JPG,55,clip_embedding,87.05,False,2026-08-20T19:43:22+00:00
5e5ad5833b594bea8247c5cff3ec763d,S7R08508.JPG,UK Antarctic Heritage Trust Data/SfM/SfM_W_external/S7R08508.JPG,55,clip_embedding,85.94,False,2026-08-20T19:43:22+00:00
90fdb2ff527f45c18c73f293fceb3d79,S7R08509.JPG,UK Antarctic Heritage Trust Data/SfM/SfM_W_external/S7R08509.JPG,55,clip_embedding,87.26,False,2026-08-20T19:43:22+00:00
dd03709ceefd4310894bba6807923c6d,S7R08510.JPG,UK Antarctic Heritage Trust Data/SfM/SfM_W_external/S7R08510.JPG,55,clip_embedding,82.63,False,2026-08-20T19:43:22+00:00
f01d706f593e49eca67c0c40ab41bc4d,S7R08511.JPG,UK Antarctic Heritage Trust Data/SfM/SfM_W_external/S7R08511.JPG,55,clip_embedding,87.03,False,2026-08-20T19:43:22+00:00
e77291b0ec0f4f4f858d83af7f5446fb,S7R08512.JPG,UK Antarctic Heritage Trust Data/SfM/SfM_W_external/S7R08512.JPG,55,clip_embedding,82.02,False,2026-08-20T19:43:22+00:00
60b8f11f763b4eaf87b82aefc15448cc,S7R08513.JPG,UK Antarctic Heritage Trust Data/SfM/SfM_W_external/S7R08513.JPG,55,clip_embedding,81.1,False,2026-08-20T19:43:22+00:00
9c932f92bb9647cd835025f581b54a80,S7R08514.JPG,UK Antarctic Heritage Trust Data/SfM/SfM_W_external/S7R08514.JPG,55,clip_embedding,79.22,False,2026-08-20T19:43:22+00:00
761608d167b446aaac5f5509a003ab5d,S7R08515.JPG,UK Antarctic Heritage Trust Data/SfM/SfM_W_external/S7R08515.JPG,55,clip_embedding,77.16,False,2026-08-20T19:43:22+00:00
614dd38c186a48c29ed22be42df4eb1b,S7R08516.JPG,UK Antarctic Heritage Trust Data/SfM/SfM_W_external/S7R08516.JPG,55,clip_embedding,86.55,False,2026-08-20T19:43:22+00:00
3ba80ce5f68e45c6b6165d9dea635450,S7R08517.JPG,UK Antarctic Heritage Trust Data/SfM/SfM_W_external/S7R08517.JPG,55,clip_embedding,89.05,False,2026-08-20T19:43:22+00:00
dd0bb0d3e01e4f71b5075b74afc93133,S7R08518.JPG,UK Antarctic Heritage Trust Data/SfM/SfM_W_external/S7R08518.JPG,55,clip_embedding,84.8,False,2026-08-20T19:43:22+00:00
2cc13cf3c39f449aa9a3d1f90901b915,S7R08519.JPG,UK Antarctic Heritage Trust Data/SfM/SfM_W_external/S7R08519.JPG,55,clip_embedding,87.98,False,2026-08-20T19:43:22+00:00
74e509bcdc1749d0ae6198e166fae884,S7R08520.JPG,UK Antarctic Heritage Trust Data/SfM/SfM_W_external/S7R08520.JPG,55,clip_embedding,83.26,False,2026-08-20T19:43:22+00:00
25b7c5be7ae345ac951582aebcb7fa31,S7R08521.JPG,UK Antarctic Heritage Trust Data/SfM/SfM_W_external/S7R08521.JPG,55,clip_embedding,84.46,False,2026-08-20T19:43:22+00:00
084b48c6d22042a9b0545aaa7be92187,S7R08522.JPG,UK Antarctic Heritage Trust Data/SfM/SfM_W_external/S7R08522.JPG,55,clip_embedding,83.39,False,2026-08-20T19:43:22+00:00
78d01bfd9ea145dc8b1976a730a8d38a,S7R08523.JPG,UK Antarctic Heritage Trust Data/SfM/SfM_W_external/S7R08523.JPG,55,clip_embedding,86.97,False,2026-08-20T19:43:22+00:00
227d8a21ee37406b8210fe3280be5cb8,S7R08524.JPG,UK Antarctic Heritage Trust Data/SfM/SfM_W_external/S7R08524.JPG,55,clip_embedding,86.44,False,2026-08-20T19:43:22+00:00
3479c6d58d7647f28e424781e90c38fb,S7R08527.JPG,UK Antarctic Heritage Trust Data/SfM/SfM_W_external/S7R08527.JPG,55,clip_embedding,84.12,False,2026-08-20T19:43:22+00:00
25f860e43dd24a25905f82c971cbf38c,S7R08528.JPG,UK Antarctic Heritage Trust Data/SfM/SfM_W_external/S7R08528.JPG,55,clip_embedding,82.24,False,2026-08-20T19:43:22+00:00
bc6e3d4f88404ca1be4b460c8c62a359,S7R08529.JPG,UK Antarctic Heritage Trust Data/SfM/SfM_W_external/S7R08529.JPG,55,clip_embedding,84.42,False,2026-08-20T19:43:22+00:00
685af09e49e244ee93dec250cb45ee73,S7R08530.JPG,UK Antarctic Heritage Trust Data/SfM/SfM_W_external/S7R08530.JPG,55,clip_embedding,80.71,False,2026-08-20T19:43:22+00:00
49ea3a19e474481f9e04570861537560,S7R08531.JPG,UK Antarctic Heritage Trust Data/SfM/SfM_W_external/S7R08531.JPG,55,clip_embedding,78.54,False,2026-08-20T19:43:22+00:00
a26dbe5f6e474f4c90658d3c9aadb52b,S7R08532.JPG,UK Antarctic Heritage Trust Data/SfM/SfM_W_external/S7R08532.JPG,55,clip_embedding,79.86,False,2026-08-20T19:43:22+00:00
dfa0ab53621e49a2a823386e7c7bb2f8,S7R08533.JPG,UK Antarctic Heritage Trust Data/SfM/SfM_W_external/S7R08533.JPG,55,clip_embedding,82.13,False,2026-08-20T19:43:22+00:00
29797a19e5394fdabc29f247752a8f1b,S7R08534.JPG,UK Antarctic Heritage Trust Data/SfM/SfM_W_external/S7R08534.JPG,55,clip_embedding,80.53,False,2026-08-20T19:43:22+00:00
bb0ebd16809542f783986adc17ad9555,S7R08535.JPG,UK Antarctic Heritage Trust Data/SfM/SfM_W_external/S7R08535.JPG,55,clip_embedding,80.24,False,2026-08-20T19:43:22+00:00
ccce4c66b2374d8a8d7fa621c6826342,S7R08536.JPG,UK Antarctic Heritage Trust Data/SfM/SfM_W_external/S7R08536.JPG,55,clip_embedding,82.75,False,2026-08-20T19:43:22+00:00
295e737fd6804f78bd50430f26f0686c,S7R08537.JPG,UK Antarctic Heritage Trust Data/SfM/SfM_W_external/S7R08537.JPG,55,clip_embedding,90.76,False,2026-08-20T19:43:22+00:00
e39931e4cd7646f1a744711da577d637,S7R08538.JPG,UK Antarctic Heritage Trust Data/SfM/SfM_W_external/S7R08538.JPG,55,clip_embedding,85.28,False,2026-08-20T19:43:22+00:00
ac58eddce656428ea3c90162c7481ddb,S7R08539.JPG,UK Antarctic Heritage Trust Data/SfM/SfM_W_external/S7R08539.JPG,55,clip_embedding,86.58,False,2026-08-20T19:43:22+00:00
fb9f564cce6a4c99bf8d6b9799d50dc8,S7R08540.JPG,UK Antarctic Heritage Trust Data/SfM/SfM_W_external/S7R08540.JPG,55,clip_embedding,83.27,False,2026-08-20T19:43:22+00:00
c71c2e1937154afb9f77c8a8704e17f4,S7R08541.JPG,UK Antarctic Heritage Trust Data/SfM/SfM_W_external/S7R08541.JPG,55,clip_embedding,81.84,False,2026-08-20T19:43:22+00:00
61e17290c8884c3793921d671f843381,S7R08542.JPG,UK Antarctic Heritage Trust Data/SfM/SfM_W_external/S7R08542.JPG,55,clip_embedding,89.25,False,2026-08-20T19:43:22+00:00
9e961fac86f24e17a0838123ab0c0f64,S7R08543.JPG,UK Antarctic Heritage Trust Data/SfM/SfM_W_external/S7R08543.JPG,55,clip_embedding,87.39,False,2026-08-20T19:43:22+00:00
8b222f4f35d84ce2868a58bd5e1872e6,S7R08544.JPG,UK Antarctic Heritage Trust Data/SfM/SfM_W_external/S7R08544.JPG,55,clip_embedding,86.71,False,2026-08-20T19:43:22+00:00
a82e43f6da5d484eba89f60141174c08,S7R08547.JPG,UK Antarctic Heritage Trust Data/SfM/SfM_W_external/S7R08547.JPG,55,clip_embedding,78.67,False,2026-08-20T19:43:22+00:00
020baa2e8ca443e5ad159ad8ae2a0520,S7R08548.JPG,UK Antarctic Heritage Trust Data/SfM/SfM_W_external/S7R08548.JPG,55,clip_embedding,80.47,False,2026-08-20T19:43:22+00:00
e73a1627455c4bc3aac2d1c39ac4d1f4,S7R08549.JPG,UK Antarctic Heritage Trust Data/SfM/SfM_W_external/S7R08549.JPG,55,clip_embedding,78.07,False,2026-08-20T19:43:22+00:00
a2e7b95e76514211b2e158d77dd470db,S7R08550.JPG,UK Antarctic Heritage Trust Data/SfM/SfM_W_external/S7R08550.JPG,55,clip_embedding,81.4,False,2026-08-20T19:43:22+00:00
06848f20b995437794a509e00abc5c90,S7R08551.JPG,UK Antarctic Heritage Trust Data/SfM/SfM_W_external/S7R08551.JPG,55,clip_embedding,83.86,False,2026-08-20T19:43:22+00:00
127e7d2fc74d43ea9092e02c662878a6,S7R08552.JPG,UK Antarctic Heritage Trust Data/SfM/SfM_W_external/S7R08552.JPG,55,clip_embedding,84.67,False,2026-08-20T19:43:22+00:00
f6be23653957446c85cf1d879307622a,S7R08554.JPG,UK Antarctic Heritage Trust Data/SfM/SfM_W_external/S7R08554.JPG,55,clip_embedding,86.49,False,2026-08-20T19:43:22+00:00
20463acea8064775aa7f0b01a0b774de,S7R08555.JPG,UK Antarctic Heritage Trust Data/SfM/SfM_W_external/S7R08555.JPG,55,clip_embedding,88.13,False,2026-08-20T19:43:22+00:00
950a0013de5547828646b8c7ec3f66fa,S7R08556.JPG,UK Antarctic Heritage Trust Data/SfM/SfM_W_external/S7R08556.JPG,55,clip_embedding,82.9,False,2026-08-20T19:43:22+00:00
61d76d1db1ae47c698fcbded2996b617,S7R08557.JPG,UK Antarctic Heritage Trust Data/SfM/SfM_W_external/S7R08557.JPG,55,clip_embedding,78.19,False,2026-08-20T19:43:22+00:00
4566c5e8db5b41f082ab6be36cef66eb,S7R08558.JPG,UK Antarctic Heritage Trust Data/SfM/SfM_W_external/S7R08558.JPG,55,clip_embedding,76.44,False,2026-08-20T19:43:22+00:00
1ae5c472a5294e2f8bea16ec8a7ef146,S7R08559.JPG,UK Antarctic Heritage Trust Data/SfM/SfM_W_external/S7R08559.JPG,55,clip_embedding,87.58,False,2026-08-20T19:43:22+00:00
477f066e20db4372ab249e10f30b6329,S7R08560.JPG,UK Antarctic Heritage Trust Data/SfM/SfM_W_external/S7R08560.JPG,55,clip_embedding,82.76,False,2026-08-20T19:43:22+00:00
5f6cfc40f2654f0d96eb51e5fba84def,S7R08561.JPG,UK Antarctic Heritage Trust Data/SfM/SfM_W_external/S7R08561.JPG,55,clip_embedding,76.65,False,2026-08-20T19:43:22+00:00
319e6acf4f2d43cb858be6c7d3fe577c,S7R08563.JPG,UK Antarctic Heritage Trust Data/SfM/SfM_W_external/S7R08563.JPG,55,clip_embedding,79.98,False,2026-08-20T19:43:22+00:00
8c793e5198d0426e9e9d4f585192a665,S7R08564.JPG,UK Antarctic Heritage Trust Data/SfM/SfM_W_external/S7R08564.JPG,55,clip_embedding,79.83,False,2026-08-20T19:43:22+00:00
8260548bd8af41edab2868d2b5876ec0,S7R08565.JPG,UK Antarctic Heritage Trust Data/SfM/SfM_W_external/S7R08565.JPG,55,clip_embedding,80.05,False,2026-08-20T19:43:22+00:00
1fd910f3c971492497879c61b0ef0467,S7R08566.JPG,UK Antarctic Heritage Trust Data/SfM/SfM_W_external/S7R08566.JPG,55,clip_embedding,80.74,False,2026-08-20T19:43:22+00:00
1983e536f43e4c5f92ee4feffef352c9,S7R08567.JPG,UK Antarctic Heritage Trust Data/SfM/SfM_W_external/S7R08567.JPG,55,clip_embedding,81.01,False,2026-08-20T19:43:22+00:00
2aa1e09b932a4366bf88e9ef12585e50,S7R08568.JPG,UK Antarctic Heritage Trust Data/SfM/SfM_W_external/S7R08568.JPG,55,clip_embedding,75.24,False,2026-08-20T19:43:22+00:00
9bfd2376bf5f49ff930c9d5f8f0f8318,S7R08569.JPG,UK Antarctic Heritage Trust Data/SfM/SfM_W_external/S7R08569.JPG,55,clip_embedding,74.86,False,2026-08-20T19:43:22+00:00
e848be8ee2f54d1780f10e0a3d4c7be3,S7R08570.JPG,UK Antarctic Heritage Trust Data/SfM/SfM_W_external/S7R08570.JPG,55,clip_embedding,76.58,False,2026-08-20T19:43:22+00:00
bcdfe8b9da86469ab1bfb3fc7ebab455,S7R08571.JPG,UK Antarctic Heritage Trust Data/SfM/SfM_W_external/S7R08571.JPG,55,clip_embedding,81.84,False,2026-08-20T19:43:22+00:00
0fdd074ed94844f6a6743816c9612d8f,S7R08572.JPG,UK Antarctic Heritage Trust Data/SfM/SfM_W_external/S7R08572.JPG,55,clip_embedding,78.75,False,2026-08-20T19:43:22+00:00
df3294b13ac9476f812a8b600acd2f92,S7R08573.JPG,UK Antarctic Heritage Trust Data/SfM/SfM_W_external/S7R08573.JPG,55,clip_embedding,72.65,False,2026-08-20T19:43:22+00:00
230708934a4f45e0ad321c5af52d9518,S7R08574.JPG,UK Antarctic Heritage Trust Data/SfM/SfM_W_external/S7R08574.JPG,55,clip_embedding,78.3,False,2026-08-20T19:43:22+00:00
7f6d6b14d8b54980b6cc604c63848b1b,S7R08575.JPG,UK Antarctic Heritage Trust Data/SfM/SfM_W_external/S7R08575.JPG,55,clip_embedding,71.23,False,2026-08-20T19:43:22+00:00
160fdc50afa34f6cb246aba265591816,S7R08576.JPG,UK Antarctic Heritage Trust Data/SfM/SfM_W_external/S7R08576.JPG,55,clip_embedding,75.79,False,2026-08-20T19:43:22+00:00
02b98e88c9104c31830329e4d6978db2,S7R08577.JPG,UK Antarctic Heritage Trust Data/SfM/SfM_W_external/S7R08577.JPG,55,clip_embedding,77.12,False,2026-08-20T19:43:22+00:00
55cf88c352644bbd8f78f26d513f5ecb,S7R08578.JPG,UK Antarctic Heritage Trust Data/SfM/SfM_W_external/S7R08578.JPG,55,clip_embedding,79.9,False,2026-08-20T19:43:22+00:00
a3339538b53140019edb434f83149dab,S7R08579.JPG,UK Antarctic Heritage Trust Data/SfM/SfM_W_external/S7R08579.JPG,55,clip_embedding,74.18,False,2026-08-20T19:43:22+00:00
ad8d61664cc24faaa0202ea760d2fbfd,S7R08580.JPG,UK Antarctic Heritage Trust Data/SfM/SfM_W_external/S7R08580.JPG,55,clip_embedding,75.57,False,2026-08-20T19:43:22+00:00
1e664a8067b14aa497f19ebad5c99e39,S7R08581.JPG,UK Antarctic Heritage Trust Data/SfM/SfM_W_external/S7R08581.JPG,55,clip_embedding,88.58,False,2026-08-20T19:43:22+00:00
00c51534b8f34bbfa71ea4638fd0e201,S7R08582.JPG,UK Antarctic Heritage Trust Data/SfM/SfM_W_external/S7R08582.JPG,55,clip_embedding,69.22,False,2026-08-20T19:43:22+00:00
471f542f721f4693970cbcb703909e4e,DSC_0095.JPG,UK Antarctic Heritage Trust Data/SfM/SfM_E_external/Main Hut/DSC_0095.JPG,56,clip_embedding,100.0,True,2026-08-20T19:43:22+00:00
88921e6f43b64aeeb386726ed65afe74,DSC_0097.JPG,UK Antarctic Heritage Trust Data/SfM/SfM_E_external/Main Hut/DSC_0097.JPG,56,clip_embedding,90.87,False,2026-08-20T19:43:22+00:00
ad019838f58b402db0b420252d9c2c4a,DSC_0099.JPG,UK Antarctic Heritage Trust Data/SfM/SfM_E_external/Main Hut/DSC_0099.JPG,56,clip_embedding,93.16,False,2026-08-20T19:43:22+00:00
53dcd806173243efb0f0c77a4c45f604,DSC_0102.JPG,UK Antarctic Heritage Trust Data/SfM/SfM_E_external/Main Hut/DSC_0102.JPG,56,clip_embedding,91.77,False,2026-08-20T19:43:22+00:00
b08676401583432f86257c506f32acdc,S7R08441.JPG,UK Antarctic Heritage Trust Data/SfM/SfM_W_external/S7R08441.JPG,57,clip_embedding,100.0,True,2026-08-20T19:43:22+00:00
179dd3ccb852416f91302b5d8d10a477,S7R08442.JPG,UK Antarctic Heritage Trust Data/SfM/SfM_W_external/S7R08442.JPG,57,clip_embedding,96.74,False,2026-08-20T19:43:22+00:00
290ee2a7f6524687a0002e19d2603b31,1.JPG,UK Antarctic Heritage Trust Data/Various_A/1.JPG,58,clip_embedding,100.0,True,2026-08-20T19:43:22+00:00
957422616d414dbbaa096d62a1bf91cb,DSC_0112.JPG,UK Antarctic Heritage Trust Data/Various_A/DSC_0112.JPG,58,clip_embedding,96.2,False,2026-08-20T19:43:22+00:00
0d9b4042410445dca781cea05c7cdf07,2.JPG,UK Antarctic Heritage Trust Data/Various_A/2.JPG,59,clip_embedding,100.0,True,2026-08-20T19:43:22+00:00
5a5d4e1c45b24eeb86f7148f00bec715,DSC_0072 TJOM.JPG,UK Antarctic Heritage Trust Data/Various_A/DSC_0072 TJOM.JPG,59,clip_embedding,100.0,False,2026-08-20T19:43:22+00:00
c3dc9084a7514358bb3a23cd5f076823,3.JPG,UK Antarctic Heritage Trust Data/Various_A/3.JPG,60,clip_embedding,100.0,True,2026-08-20T19:43:22+00:00
4e600aa8e49a40be84cb8955791d060f,DSC_0068 - TJOM.JPG,UK Antarctic Heritage Trust Data/Various_A/DSC_0068 - TJOM.JPG,60,clip_embedding,100.0,False,2026-08-20T19:43:22+00:00
398fb094f24146bb876878d9129f7ef0,4.JPG,UK Antarctic Heritage Trust Data/Various_A/4.JPG,61,clip_embedding,100.0,True,2026-08-20T19:43:22+00:00
cdee63d2e1c845b68a69e226a735ceba,DSC_0107 TJOM.JPG,UK Antarctic Heritage Trust Data/Various_A/DSC_0107 TJOM.JPG,61,clip_embedding,100.0,False,2026-08-20T19:43:22+00:00
3c6658dbdef74f44ad756853d969f616,a Calire IMG_1633.JPG,UK Antarctic Heritage Trust Data/Various_A/a Calire IMG_1633.JPG,62,clip_embedding,100.0,True,2026-08-20T19:43:22+00:00
105abf9e4ec94535b0305223fb6ee80b,Claire IMG_1633.JPG,UK Antarctic Heritage Trust Data/Various_A/Claire IMG_1633.JPG,62,clip_embedding,100.0,False,2026-08-20T19:43:22+00:00
467b16579622462cb93dd20ecbc170ec,IMG_1633.JPG,UK Antarctic Heritage Trust Data/Various_A/IMG_1633.JPG,62,clip_embedding,100.0,False,2026-08-20T19:43:22+00:00
0dcc113bb9894cafa41d29126f2cb237,a Cat IMG_5781 50_.jpg,UK Antarctic Heritage Trust Data/Various_A/a Cat IMG_5781 50_.jpg,63,clip_embedding,100.0,True,2026-08-20T19:43:22+00:00
0c31f599c87641e1a962325b5f153779,a Cat IMG_5781 50_1.jpg,UK Antarctic Heritage Trust Data/Various_A/a Cat IMG_5781 50_1.jpg,63,clip_embedding,100.0,False,2026-08-20T19:43:22+00:00
6a17700cbe6e45a999b714feaf2cd23d,a Cat IMG_7551-Optimized.JPG,UK Antarctic Heritage Trust Data/Various_A/a Cat IMG_7551-Optimized.JPG,64,clip_embedding,100.0,True,2026-08-20T19:43:22+00:00
2b3343b1c3dd44cc82441c9ce4cba9a8,a Cat IMG_7551-Optimized1.JPG,UK Antarctic Heritage Trust Data/Various_A/a Cat IMG_7551-Optimized1.JPG,64,clip_embedding,100.0,False,2026-08-20T19:43:22+00:00
f9a1edbad1e543b2ab909263ca139272,a Cat IMG_7551.JPG,UK Antarctic Heritage Trust Data/Various_A/a Cat IMG_7551.JPG,64,clip_embedding,95.25,False,2026-08-20T19:43:22+00:00
ebad67c27d0949dbabd75533424dcd8d,aa Cat IMG_7551.JPG,UK Antarctic Heritage Trust Data/Various_A/aa Cat IMG_7551.JPG,64,clip_embedding,95.25,False,2026-08-20T19:43:22+00:00
6d1a3d12ed354dd4b3fc300eb274e006,a Cat IMG_9332.JPG,UK Antarctic Heritage Trust Data/Various_A/a Cat IMG_9332.JPG,65,clip_embedding,100.0,True,2026-08-20T19:43:22+00:00
ac59967393f14b44b0e7762d9dc0b5bd,a Cat IMG_93321.JPG,UK Antarctic Heritage Trust Data/Various_A/a Cat IMG_93321.JPG,65,clip_embedding,100.0,False,2026-08-20T19:43:22+00:00
2011f41035bf469b8b8bf897772855f3,a Cat IMG_9758.JPG,UK Antarctic Heritage Trust Data/Various_A/a Cat IMG_9758.JPG,66,clip_embedding,100.0,True,2026-08-20T19:43:22+00:00
64f974fec5bf4d6ea0d90cdc510bebd8,a Cat IMG_97581.JPG,UK Antarctic Heritage Trust Data/Various_A/a Cat IMG_97581.JPG,66,clip_embedding,100.0,False,2026-08-20T19:43:22+00:00
68980e4bef1f4fa59ade9beaa8df12e6,a Claire DSC07803.JPG,UK Antarctic Heritage Trust Data/Various_A/a Claire DSC07803.JPG,67,clip_embedding,100.0,True,2026-08-20T19:43:22+00:00
dc0263dbabf84d39a2327cedea5f1649,a Claire DSC078031.JPG,UK Antarctic Heritage Trust Data/Various_A/a Claire DSC078031.JPG,67,clip_embedding,100.0,False,2026-08-20T19:43:22+00:00
422413b8635b4d308048710323097fe7,a Claire IMG_1985.JPG,UK Antarctic Heritage Trust Data/Various_A/a Claire IMG_1985.JPG,68,clip_embedding,100.0,True,2026-08-20T19:43:22+00:00
c8b1cb903d0c472ba95480b92b577a03,a Claire IMG_19851.JPG,UK Antarctic Heritage Trust Data/Various_A/a Claire IMG_19851.JPG,68,clip_embedding,100.0,False,2026-08-20T19:43:22+00:00
e42817e49bfe4ffcb55c193ecf12a0d6,a Claire IMG_6407.JPG,UK Antarctic Heritage Trust Data/Various_A/a Claire IMG_6407.JPG,69,clip_embedding,100.0,True,2026-08-20T19:43:22+00:00
04cdaa9b68f3485099e4e7deb3558f2a,a Claire IMG_64071.JPG,UK Antarctic Heritage Trust Data/Various_A/a Claire IMG_64071.JPG,69,clip_embedding,100.0,False,2026-08-20T19:43:22+00:00
e7ee8dbf72f34f60a037f78fdbd32620,a Michael DSC_1154.JPG,UK Antarctic Heritage Trust Data/Various_A/a Michael DSC_1154.JPG,70,clip_embedding,100.0,True,2026-08-20T19:43:22+00:00
cdc6394fec224630b2b0226c36f0d1ba,a Michael DSC_11541.JPG,UK Antarctic Heritage Trust Data/Various_A/a Michael DSC_11541.JPG,70,clip_embedding,100.0,False,2026-08-20T19:43:22+00:00
be8df24a5da7419a844d898ea3a81e42,a RACHEL MORGAN - Ylva P1010042.JPG,UK Antarctic Heritage Trust Data/Various_A/a RACHEL MORGAN - Ylva P1010042.JPG,71,clip_embedding,100.0,True,2026-08-20T19:43:22+00:00
b153ce4940594799ad366fa4fa0185e1,a RACHEL MORGAN - Ylva P10100421.JPG,UK Antarctic Heritage Trust Data/Various_A/a RACHEL MORGAN - Ylva P10100421.JPG,71,clip_embedding,100.0,False,2026-08-20T19:43:22+00:00
9eacbf82a69f45429ebcd780f1f7fe14,a Ylva P1000662.jpg,UK Antarctic Heritage Trust Data/Various_A/a Ylva P1000662.jpg,72,clip_embedding,100.0,True,2026-08-20T19:43:22+00:00
56c5c8b73fc94515b90379c2450d872b,Bransfield House 2011 Ylva Grams P1000662.jpg,UK Antarctic Heritage Trust Data/Various_A/Bransfield House 2011 Ylva Grams P1000662.jpg,72,clip_embedding,100.0,False,2026-08-20T19:43:22+00:00
35c936cdcf964e769ca2aaa9a12d59c3,a Ylva P10006621.jpg,UK Antarctic Heritage Trust Data/Various_A/a Ylva P10006621.jpg,72,clip_embedding,100.0,False,2026-08-20T19:43:22+00:00
2a79e9471bbd4373b02b1c9285fe2fca,BRANSFIELD HOUSE Ylva P1010793.JPG,UK Antarctic Heritage Trust Data/Various_A/BRANSFIELD HOUSE Ylva P1010793.JPG,73,clip_embedding,100.0,True,2026-08-20T19:43:22+00:00
a1828b58133b4e708ffd98a2bd21c05b,BRANSFIELD HOUSE Ylva P10107931.JPG,UK Antarctic Heritage Trust Data/Various_A/BRANSFIELD HOUSE Ylva P10107931.JPG,73,clip_embedding,100.0,False,2026-08-20T19:43:22+00:00
ddce0d2903344b2cb53a81510901dad7,DSC_0040.JPG,UK Antarctic Heritage Trust Data/Various_A/DSC_0040.JPG,74,clip_embedding,100.0,True,2026-08-20T19:43:22+00:00
cb538d18489340b8bf961e21209ea3fe,DSC_0046.JPG,UK Antarctic Heritage Trust Data/Various_A/DSC_0046.JPG,74,clip_embedding,94.84,False,2026-08-20T19:43:22+00:00
3ab27e7db58b40e1a3931ce956b49763,DSC_0061.JPG,UK Antarctic Heritage Trust Data/Various_A/DSC_0061.JPG,75,clip_embedding,100.0,True,2026-08-20T19:43:22+00:00
dc919019afd5465a928d317433bed109,DSC_00611.JPG,UK Antarctic Heritage Trust Data/Various_A/DSC_00611.JPG,75,clip_embedding,100.0,False,2026-08-20T19:43:22+00:00
e8dd40e5d8a743a896bbb556b24de9e7,DSC_0069.JPG,UK Antarctic Heritage Trust Data/Various_A/DSC_0069.JPG,76,clip_embedding,100.0,True,2026-08-20T19:43:22+00:00
2aaa6f2d3f544073aa1656b5b5dfd1b6,DSC_00691.jpg,UK Antarctic Heritage Trust Data/Various_A/DSC_00691.jpg,76,clip_embedding,98.05,False,2026-08-20T19:43:22+00:00
0ec9f31a27e74d8a9a8b79d69acd0ebc,DSC_0104.JPG,UK Antarctic Heritage Trust Data/Various_A/DSC_0104.JPG,77,clip_embedding,100.0,True,2026-08-20T19:43:22+00:00
7c49bb2beceb40fa9a21fb63ae364515,DSC_0728.JPG,UK Antarctic Heritage Trust Data/Various_A/DSC_0728.JPG,77,clip_embedding,93.42,False,2026-08-20T19:43:22+00:00
4e2b8ae25ca940229069ee43a9ee0f74,DSC_0166.JPG,UK Antarctic Heritage Trust Data/Various_A/DSC_0166.JPG,78,clip_embedding,100.0,True,2026-08-20T19:43:22+00:00
1415d411fb0e4d0a963e1289a42c2f8b,DSC_0175.JPG,UK Antarctic Heritage Trust Data/Various_A/DSC_0175.JPG,78,clip_embedding,92.5,False,2026-08-20T19:43:22+00:00
4b09be349dbb4f3187f8471939441c15,DSC_0195.JPG,UK Antarctic Heritage Trust Data/Various_A/DSC_0195.JPG,79,clip_embedding,100.0,True,2026-08-20T19:43:22+00:00
5c3f5a96bcff41a98be867c687d3e8cc,DSC_01951.JPG,UK Antarctic Heritage Trust Data/Various_A/DSC_01951.JPG,79,clip_embedding,100.0,False,2026-08-20T19:43:22+00:00
fc73a5d7dc154390adf112383d1140a6,DSC_0201.JPG,UK Antarctic Heritage Trust Data/Various_A/DSC_0201.JPG,80,clip_embedding,100.0,True,2026-08-20T19:43:22+00:00
70a313eb98fa4b7cb1a87182d1eabd2a,DSC_02011.JPG,UK Antarctic Heritage Trust Data/Various_A/DSC_02011.JPG,80,clip_embedding,100.0,False,2026-08-20T19:43:22+00:00
2d05defe9837465cb93fc137b5f247cd,DSC_0206.JPG,UK Antarctic Heritage Trust Data/Various_A/DSC_0206.JPG,80,clip_embedding,92.25,False,2026-08-20T19:43:22+00:00
ffbd097048ad4e0d973bbd5679a8a4f1,DSC_0216.JPG,UK Antarctic Heritage Trust Data/Various_A/DSC_0216.JPG,81,clip_embedding,100.0,True,2026-08-20T19:43:22+00:00
76fa910f747347eebe1028a4237fc134,DSC_02161.JPG,UK Antarctic Heritage Trust Data/Various_A/DSC_02161.JPG,81,clip_embedding,100.0,False,2026-08-20T19:43:22+00:00
9c5e196a3ea4490982831e2fac01af4f,DSC_0230.JPG,UK Antarctic Heritage Trust Data/Various_A/DSC_0230.JPG,82,clip_embedding,100.0,True,2026-08-20T19:43:22+00:00
d1b0a83e9eb14cc784afaeed21e07f13,DSC_02301.JPG,UK Antarctic Heritage Trust Data/Various_A/DSC_02301.JPG,82,clip_embedding,100.0,False,2026-08-20T19:43:22+00:00
5e31922e757f41ea90690ba641cf4a46,DSC_0231.JPG,UK Antarctic Heritage Trust Data/Various_A/DSC_0231.JPG,83,clip_embedding,100.0,True,2026-08-20T19:43:22+00:00
5fa88dd0dc1b4c3d8562cebe98198a1b,DSC_02311.JPG,UK Antarctic Heritage Trust Data/Various_A/DSC_02311.JPG,83,clip_embedding,100.0,False,2026-08-20T19:43:22+00:00
94c4973e3e574e17b4972dfe5a368ef1,DSC_0238.JPG,UK Antarctic Heritage Trust Data/Various_A/DSC_0238.JPG,84,clip_embedding,100.0,True,2026-08-20T19:43:22+00:00
93bd5e2b7d524acebedd9e1bc8ba69f8,DSC_02381.JPG,UK Antarctic Heritage Trust Data/Various_A/DSC_02381.JPG,84,clip_embedding,100.0,False,2026-08-20T19:43:22+00:00
51709d0b549940239f79cddbbfb393b5,DSC_0239.JPG,UK Antarctic Heritage Trust Data/Various_A/DSC_0239.JPG,85,clip_embedding,100.0,True,2026-08-20T19:43:22+00:00
a97c8b0b759e45abb37cb7437c61dc9d,DSC_02391.JPG,UK Antarctic Heritage Trust Data/Various_A/DSC_02391.JPG,85,clip_embedding,100.0,False,2026-08-20T19:43:22+00:00
5dfafc201dfb4e889f78e4b8791b04fa,DSC_0240.JPG,UK Antarctic Heritage Trust Data/Various_A/DSC_0240.JPG,85,clip_embedding,92.6,False,2026-08-20T19:43:22+00:00
508c858e822e4db7b3b2bf252fc508f5,DSC_0247.JPG,UK Antarctic Heritage Trust Data/Various_A/DSC_0247.JPG,86,clip_embedding,100.0,True,2026-08-20T19:43:22+00:00
a8601a517bea44658c16a47721c46c27,DSC_02471.JPG,UK Antarctic Heritage Trust Data/Various_A/DSC_02471.JPG,86,clip_embedding,100.0,False,2026-08-20T19:43:22+00:00
901f76f9fee945caab4294d1bd374a70,DSC_0255.JPG.jpg,UK Antarctic Heritage Trust Data/Various_A/DSC_0255.JPG.jpg,87,clip_embedding,100.0,True,2026-08-20T19:43:22+00:00
4a6316fe0027477484ca4c650c92d480,DSC_0539.JPG,UK Antarctic Heritage Trust Data/Various_A/DSC_0539.JPG,87,clip_embedding,93.72,False,2026-08-20T19:43:22+00:00
